sku,name,price_ex_vat,package
209000,"Molla MDM 6pz. x 2,5m Ø16mm c/cestello",225.0,1 pz
209001,"Molla MDM 1pz. da 2,5 m Ø16mm s/cestello",45.0,1 pz
209002,Molla MDM 3pz. x 5m Ø22mm c/cestello,375.0,1 pz
209003,Molla MDM 1pz. da 5m Ø22 mm s/cestello,125.0,1 pz
209004,Molla MDM 1pz. da 6m Ø8mm s/cestello,40.0,1 pz
210003,"Raccordo Adattatore Carotatrice MM 1/2"" - M16",11.9,1 pz
210200,"Raccordo Adattatore Carotatrice FM F1/2"" - M16",90.0,1 pz
210201,"Raccordo Adattatore Carotatrice 1/2""F - 1 1/4""M",62.0,1 pz
210202,"Dispositivo di guida assiale per foretti da 1 1/4""",119.0,1 pz
210203,Raccordo Adattatore Carotatrice FM M18 - M16,12.0,1 pz
210203.200,Raccordo Adattatore Carotatrice FM M18 - M16 200 mm,14.0,1 pz
210203.380,Raccordo Adattatore Carotatrice FM M18 - M16 380 mm ,22.0,1 pz
210204,Adattatore rapido M16 per punta SDS PLUS,195.0,1 pz
210205,"Adattatore foretti 1/2G(F) - 1""1/4 UNC(F) ",105.0,1 pz
210206,"Adattatore foretti 1/2G(M) - 1""1/4 UNC(M)",92.0,1 pz
210207,"Prolunga foretti 1""1/4 UNC - 300 mm",145.0,1 pz
210208,"Prolunga foretti 1""1/4 UNC - 500 mm",205.0,1 pz
210209," Prolunga foretti 1""1/4 UNC - 200 mm",116.0,1 pz
210210, Prolunga foretti M16 - 300 mm ,105.0,1 pz
210210.200,Prolunga foretti M16 - 200 mm  ,86.0,1 pz
210211,Mandrino di aspirazione per carotatrice M18,400.0,1 pz
210212,Serbatoio portatile acqua da 10l per carotatrice,400.0,1 pz
210213,Raccoglitore di polvere/acqua per carotatrice,180.0,1 pz
221510,Depressore Universale,2.0,1 pz
241468,Adattatore Ganascia M42 e M54,550.0,1 pz
241469,Ganascia M42,1500.0,1 pz
241470,Ganascia M54,1500.0,1 pz
272001,"Manovuotometro R422,R22,R407,R134a Blu (-1÷15)",15.0,1 pz
272002,"Manovuotometro R422,R22,R407,R134a Rosso (-1÷35)",15.0,1 pz
272003,Manovuotometro R410A Blu (-1÷38),15.0,1 pz
272004,Manovuotometro R410A Rosso (-1÷53),15.0,1 pz
272006,"Vacuometro Radiale 0÷1000 mbar, 1/8""",25.0,1 pz
272007,Manovuotometro R410A-R32 Blu (-1÷38),20.0,1 pz
272008,Manovuotometro R410A-R32 Rosso (-1÷53),20.0,1 pz
272009,Vacuometro Posteriore Inox 80mm,35.0,1 pz
272010,Vacuometro Posteriore Inox 50mm,27.0,1 pz
280100,Testina Espansore 10 mm,35.0,1 pz
280101,Testina Espansore 12 mm,35.0,1 pz
280102,Testina Espansore 14 mm,30.0,1 pz
280103,Testina Espansore 15 mm,64.6,1 pz
280104,Testina Espansore 16 mm,30.0,1 pz
280105,Testina Espansore 18 mm,30.0,1 pz
280106,Testina Espansore 22 mm,30.0,1 pz
280108,Testina Espansore 28 mm,30.0,1 pz
280110,Testina Espansore 35 mm,30.0,1 pz
280111,Testina Espansore 42 mm,30.0,1 pz
280112,"Testina Espansore 3/8""",30.0,1 pz
280113,"Testina Espansore 1/2""",35.0,1 pz
280114,"Testina Espansore 5/8""",30.0,1 pz
280115,"Testina Espansore 3/4""",30.0,1 pz
280116,"Testina Espansore 7/8""",30.0,1 pz
280117,"Testina Espansore 1""",30.0,1 pz
280118,"Testina Espansore 1 1/8""",30.0,1 pz
280120,"Testina Espansore 1 3/8""",75.0,1 pz
280122,"Testina Espansore 1 5/8""",30.0,1 pz
280800.032,Foretto Diamantato Laser  per carot. a secco M16 Ø32x150,118.0,1 pz
280800.037,Foretto Diamantato Laser per carot. a secco M16 Ø37x150,120.0,1 pz
280800.042,Foretto Diamantato Laser per carot. a secco M16 Ø42x150,122.0,1 pz
280800.052,Foretto Diamantato Laser per carot. a secco M16 Ø52x150,140.0,1 pz
280800.057,Foretto Diamantato Laser per carot. a secco M16 Ø57x150,157.0,1 pz
280800.062,Foretto Diamantato Laser per carot. a secco M16 Ø62x150,162.0,1 pz
280800.068,Foretto Diamantato Laser per carot. a secco M16 Ø68x150,173.0,1 pz
280800.072,Foretto Diamantato Laser per carot. a secco M16 Ø72x150,192.0,1 pz
280800.082,Foretto Diamantato Laser per carot. a secco M16 Ø82x150,200.0,1 pz
280800.092,Foretto Diamantato Laser per carot. a secco M16 Ø92x150,225.0,1 pz
280800.102,Foretto Diamantato Laser per carot. a secco M16 Ø102x150,230.0,1 pz
280800.107,Foretto Diamantato Laser per carot. a secco M16 Ø107x150,242.0,1 pz
280800.112,Foretto Diamantato Laser per carot. a secco M16 Ø112x150,245.0,1 pz
280800.127,Foretto Diamantato Laser per carot. a secco M16 Ø127x150,260.0,1 pz
280800.132,Foretto Diamantato Laser per carot. a secco M16 Ø132x150,265.0,1 pz
280800.142,Foretto Diamantato Laser per carot. a secco M16 Ø142x150,310.0,1 pz
280800.152,Foretto Diamantato Laser per carot. a secco M16 Ø152x150,315.0,1 pz
280800.157,Foretto Diamantato Laser per carot. a secco M16 Ø157x150,339.0,1 pz
280800.162,Foretto Diamantato Laser per carot. a secco M16 Ø162x150,360.0,1 pz
280800.182,Foretto Diamantato Laser per carot. a secco M16 Ø182x150,380.0,1 pz
280800.202,Foretto Diamantato Laser per carot. a secco M16 Ø202x150,385.0,1 pz
280810.032,"Foretto Diamantato Laser (secco/umido) 1 1/4"" Ø32x320",140.0,1 pz
280810.037,"Foretto Diamantato Laser (secco/umido) 1 1/4"" Ø37x320",130.0,1 pz
280810.042,"Foretto Diamantato Laser (secco/umido) 1 1/4"" Ø42x320",154.0,1 pz
280810.052,"Foretto Diamantato Laser (secco/umido) 1 1/4"" Ø52x320",174.0,1 pz
280810.057,"Foretto Diamantato Laser (secco/umido) 1 1/4"" Ø57x320",179.0,1 pz
280810.062,"Foretto Diamantato Laser (secco/umido) 1 1/4"" Ø62x320",182.0,1 pz
280810.068,"Foretto Diamantato Laser (secco/umido) 1 1/4"" Ø68x320",185.0,1 pz
280810.072,"Foretto Diamantato Laser (secco/umido) 1 1/4"" Ø72x320",199.0,1 pz
280810.082,"Foretto Diamantato Laser (secco/umido) 1 1/4"" Ø82x320",217.0,1 pz
280810.092,"Foretto Diamantato Laser (secco/umido) 1 1/4"" Ø92x320",240.0,1 pz
280810.102,"Foretto Diamantato Laser (secco/umido) 1 1/4"" Ø102x320",263.0,1 pz
280810.107,"Foretto Diamantato Laser (secco/umido) 1 1/4"" Ø107x320",265.0,1 pz
280810.112,"Foretto Diamantato Laser (secco/umido) 1 1/4"" Ø112x320",265.0,1 pz
280810.122,"Foretto Diamantato Laser (secco/umido) 1 1/4"" Ø122x320",290.0,1 pz
280810.127,"Foretto Diamantato Laser (secco/umido) 1 1/4"" Ø127x320",315.0,1 pz
280810.142,"Foretto Diamantato Laser (secco/umido) 1 1/4"" Ø142x320",370.0,1 pz
280810.152,"Foretto Diamantato Laser (secco/umido) 1 1/4"" Ø152x320",400.0,1 pz
280810.162,"Foretto Diamantato Laser (secco/umido) 1 1/4"" Ø162x320",430.0,1 pz
280810.182,"Foretto Diamantato Laser (secco/umido) 1 1/4"" Ø182x320",560.0,1 pz
280810.202,"Foretto Diamantato Laser (secco/umido) 1 1/4"" Ø202x320",575.0,1 pz
280820.042,"Foretto Diamantato Laser (umido) 1 1/4"" Ø42x450",145.0,1 pz
280820.052,"Foretto Diamantato Laser (umido) 1 1/4"" Ø52x450",165.0,1 pz
280820.057,"Foretto Diamantato Laser (umido) 1 1/4"" Ø57x450",190.0,1 pz
280820.062,"Foretto Diamantato Laser (umido) 1 1/4"" Ø62x450",195.0,1 pz
280820.066,"Foretto Diamantato Laser (umido) 1 1/4"" Ø66x450",210.0,1 pz
280820.072,"Foretto Diamantato Laser (umido) 1 1/4"" Ø72x450",225.0,1 pz
280820.082,"Foretto Diamantato Laser (umido) 1 1/4"" Ø82x450",230.0,1 pz
280820.092,"Foretto Diamantato Laser (umido) 1 1/4"" Ø92x450",280.0,1 pz
280820.102,"Foretto Diamantato Laser (umido) 1 1/4"" Ø102x450",285.0,1 pz
280820.107,"Foretto Diamantato Laser (umido) 1 1/4"" Ø107x450",315.0,1 pz
280820.112,"Foretto Diamantato Laser (umido) 1 1/4"" Ø112x450",325.0,1 pz
280820.122,"Foretto Diamantato Laser (umido) 1 1/4"" Ø122x450",330.0,1 pz
280820.132,"Foretto Diamantato Laser (umido) 1 1/4"" Ø132x450",390.0,1 pz
280820.142,"Foretto Diamantato Laser (umido) 1 1/4"" Ø142x450",425.0,1 pz
280820.152,"Foretto Diamantato Laser (umido) 1 1/4"" Ø152x450",435.0,1 pz
280820.158,"Foretto Diamantato Laser (umido) 1 1/4"" Ø158x450",475.0,1 pz
280820.162,"Foretto Diamantato Laser (umido) 1 1/4"" Ø162x450",485.0,1 pz
280820.172,"Foretto Diamantato Laser (umido) 1 1/4"" Ø172x450",505.0,1 pz
280820.182,"Foretto Diamantato Laser (umido) 1 1/4"" Ø182x450",515.0,1 pz
280820.192,"Foretto Diamantato Laser (umido) 1 1/4"" Ø192x450",575.0,1 pz
280820.202,"Foretto Diamantato Laser (umido) 1 1/4"" Ø202x450",640.0,1 pz
280820.212,"Foretto Diamantato Laser (umido) 1 1/4"" Ø212x450",720.0,1 pz
280820.225,"Foretto Diamantato Laser (umido) 1 1/4"" Ø225x450",775.0,1 pz
280820.250,"Foretto Diamantato Laser (umido) 1 1/4"" Ø250x450",825.0,1 pz
280820.300,"Foretto Diamantato Laser (umido) 1 1/4"" Ø300x450",975.0,1 pz
280850.006,Foretto Diamantato Gres M14 d.6mm,20.0,1 pz
280850.008,Foretto Diamantato Gres M14 d.8mm,20.0,1 pz
280850.010,Foretto Diamantato Gres M14 d.10mm,20.0,1 pz
280850.012,Foretto Diamantato Gres M14 d.12mm,39.0,1 pz
280850.014,Foretto Diamantato Gres M14 d.14mm,46.0,1 pz
280850.018,Foretto Diamantato Gres M14 d.18mm,46.0,1 pz
280850.020,Foretto Diamantato Gres M14 d.20mm,46.0,1 pz
280850.025,Foretto Diamantato Gres M14 d.25mm,66.0,1 pz
280850.030,Foretto Diamantato Gres M14 d.30mm,66.0,1 pz
280850.035,Foretto Diamantato Gres M14 d.35mm,66.0,1 pz
280850.040,Foretto Diamantato Gres M14 d.40mm,76.0,1 pz
280850.050,Foretto Diamantato Gres M14 d.50mm,93.0,1 pz
280850.055,Foretto Diamantato Gres M14 d.55mm,120.0,1 pz
280850.060,Foretto Diamantato Gres M14 d.60mm,120.0,1 pz
280850.070,Foretto Diamantato Gres M14 d.70mm,145.0,1 pz
280850.080,Foretto Diamantato Gres M14 d.80mm,187.0,1 pz
280850.100,Foretto Diamantato Gres M14 d.100mm,225.0,1 pz
280850.110,Foretto Diamantato Gres M14 d.110mm,280.0,1 pz
280850.120,Foretto Diamantato Gres M14 d.120mm,280.0,1 pz
280851,Kit Foretto Diamantato Gres M14 6/8/10mm,55.0,1 pz
280852.005,Foretto Diamantato Gres d.5mm Esagono,39.0,1 pz
280852.006,Foretto Diamantato Gres d.6mm Esagono,20.0,1 pz
280852.008,Foretto Diamantato Gres d.8mm Esagono,20.0,1 pz
280852.010,Foretto Diamantato Gres d.10mm Esagono,20.0,1 pz
280852.012,Foretto Diamantato Gres d.12mm Esagono,38.0,1 pz
280853,Kit Foretto Diamantato Gres Esagono 6/8/10mm,55.0,1 pz
280855,Drill Gel,17.5,1 pz
280860.150,Disco Diamantato Universale 150mm,54.0,1 pz
280880.300,"Prolunga in acciaio 300mm 1 1/4""MF",105.0,1 pz
280890,Kit Foretti Diamantati Laser 68-102-127mm (secco),615.0,1 pz
280891,Kit Foretti Diamantati Laser 68-102-127 (secco e umido),710.0,1 pz
280892,Kit Foretti Diamantati Laser 68-82mm (secco),350.0,1 pz
280893,Kit Foretti Diamantati Laser 68-82 (secco e umido),390.0,1 pz
280894,Kit Foretti Diamantati Laser 82-112mm (secco),415.0,1 pz
280895,Kit Foretti Diamantati Laser 82-112 (secco e umido),475.0,1 pz
281299,Matrice Ø 10 mm,13.2,1 pz
281300,Matrice Ø 12 mm,13.86,1 pz
281301,Matrice Ø 14 mm,14.52,1 pz
281302,Matrice Ø 16 mm,15.85,1 pz
281303,Matrice Ø 18 mm,17.16,1 pz
281304,Matrice Ø 20 mm,21.12,1 pz
281305,Matrice Ø 22 mm,26.4,1 pz
281306,Matrice Ø 15 mm,15.85,1 pz
281307,Matrice Ø 17 mm,16.84,1 pz
281308,Matrice Ø 24 mm / 22 mm Rivest.,31.67,1 pz
281310,Matrice Ø 26 mm,33.01,1 pz
281311,Matrice M373 (10-16 mm rivest.),75.0,1 pz
281312,Matrice Ø 25 mm,33.01,1 pz
281315,Matrice Ø 32 mm,76.57,1 pz
281320,"Matrice P373 (Ø3/8""-5/8"" rivest.)",75.0,1 pz
281350,"Matrice Ø 3/8""",18.47,1 pz
281351,"Matrice Ø 1/2""",19.48,1 pz
281352,"Matrice Ø 5/8""",23.76,1 pz
281353,"Matrice Ø 3/4""",27.73,1 pz
281354,"Matrice Ø 7/8""",29.71,1 pz
281401,Ganascia MGF STD B16,157.5,1 pz
281403,Ganascia MGF STD B20,157.5,1 pz
281404,Ganascia MGF STD B26,157.5,1 pz
281405,Ganascia MGF STD B32,185.0,1 pz
281420,Ganascia MGF STD G16,157.5,1 pz
281421,Ganascia MGF STD G20,157.5,1 pz
281422,Ganascia MGF STD G26,157.5,1 pz
281423,Ganascia MGF STD G32,185.0,1 pz
281428,Ganascia MGF STD H12,157.5,1 pz
281429,Ganascia MGF STD H14,157.5,1 pz
281430,Ganascia MGF STD H16,157.5,1 pz
281432,Ganascia MGF STD H18,157.5,1 pz
281433,Ganascia MGF STD H20,157.5,1 pz
281434,Ganascia MGF STD H25,157.5,1 pz
281435,Ganascia MGF STD H26,157.5,1 pz
281436,Ganascia MGF STD H32,185.0,1 pz
281437,Ganascia MGF STD H40 4G,410.0,1 pz
281439,Ganascia MGF STD H12A,157.5,1 pz
281440,Ganascia MGF STD H14A,157.5,1 pz
281441,Ganascia MGF STD H16A,195.0,1 pz
281444,Ganascia MGF STD H20A,195.0,1 pz
281446,Ganascia MGF STD H26A,195.0,1 pz
281447,Ganascia MGF STD H32A,195.0,1 pz
281448,Ganascia MGF STD H40A 4G,440.0,1 pz
281461,Ganascia MGF STD M12,157.5,1 pz
281462,Ganascia MGF STD M14,157.5,1 pz
281463,Ganascia MGF STD M15,157.5,1 pz
281464,Ganascia MGF STD M16,157.5,1 pz
281465,Ganascia MGF STD M18,157.5,1 pz
281466,Ganascia MGF STD M22,157.5,1 pz
281467,Ganascia MGF STD M28,157.5,1 pz
281468,Ganascia MGF STD M35,157.5,1 pz
281489,Ganascia MGF STD TH10,157.5,1 pz
281491,Ganascia MGF STD TH12,157.5,1 pz
281492,Ganascia MGF STD TH14,157.5,1 pz
281493,Ganascia MGF STD TH15,157.5,1 pz
281494,Ganascia MGF STD TH16,157.5,1 pz
281495,Ganascia MGF STD TH17,157.5,1 pz
281496,Ganascia MGF STD TH18,157.5,1 pz
281497,Ganascia MGF STD TH20,157.5,1 pz
281498,Ganascia MGF STD TH25,157.5,1 pz
281500,Ganascia MGF STD TH26,157.5,1 pz
281501,Ganascia MGF STD TH32,185.0,1 pz
281502,Ganascia MGF STD TH40,275.0,1 pz
281503,Ganascia MGF STD TH50S,450.0,1 pz
281504,Ganascia MGF STD TH63S,550.0,1 pz
281505,Ganascia MGF STD U14,157.5,1 pz
281506,Ganascia MGF STD U16,157.5,1 pz
281507,Ganascia MGF STD U18,157.5,1 pz
281508,Ganascia MGF STD U20,157.5,1 pz
281509,Ganascia MGF STD U25,157.5,1 pz
281510,Ganascia MGF STD U32,185.0,1 pz
281511,Ganascia MGF STD U40,240.0,1 pz
281512,Ganascia MGF STD U50,290.0,1 pz
281513,Ganascia MGF STD U63S,650.0,1 pz
281514,Ganascia MGF STD U75S,850.0,1 pz
281521,Ganascia MGF STD V12,157.5,1 pz
281522,Ganascia MGF STD V14,157.5,1 pz
281523,Ganascia MGF STD V15,157.5,1 pz
281524,Ganascia MGF STD V16,157.5,1 pz
281525,Ganascia MGF STD V18,157.5,1 pz
281526,Ganascia MGF STD V22,157.5,1 pz
281527,Ganascia MGF STD V28,157.5,1 pz
281528,Ganascia MGF STD V35,185.0,1 pz
281529,Ganascia MGF STD V42,375.0,1 pz
281530,Ganascia MGF STD V54,375.0,1 pz
281534,Ganascia MGF STD VP14,157.5,1 pz
281535,Ganascia MGF STD VP16,157.5,1 pz
281536,Ganascia MGF STD VP20,157.5,1 pz
281537,Ganascia MGF STD VP25,157.5,1 pz
281538,Ganascia MGF STD VP32,185.0,1 pz
281551,Ganascia MGF MINI40 TH16,185.0,1 pz
281552,Ganascia MGF MINI40 TH20,185.0,1 pz
281553,Ganascia MGF MINI40 TH26,185.0,1 pz
281554,Ganascia MGF MINI40 TH32,185.0,1 pz
281555,Ganascia MGF MINI40 U16,185.0,1 pz
281556,Ganascia MGF MINI40 U20,185.0,1 pz
281557,Ganascia MGF MINI40 U25,185.0,1 pz
281558,Ganascia MGF MINI40 U32,185.0,1 pz
281559,Ganascia MGF MINI40 M15,185.0,1 pz
281560,Ganascia MGF MINI40 M18,185.0,1 pz
281561,Ganascia MGF MINI40 M22,185.0,1 pz
281562,Ganascia MGF MINI40 M28,200.0,1 pz
281563,Ganascia MGF MINI40 V15,185.0,1 pz
281564,Ganascia MGF MINI40 V18,185.0,1 pz
281565,Ganascia MGF MINI40 V22,185.0,1 pz
281566,Ganascia MGF MINI40 V28,185.0,1 pz
281567,Ganascia MGF MINI40 V35,200.0,1 pz
281568,Ganascia MGF MINI40 V12,185.0,1 pz
281569,Ganascia MGF MINI40 TH40,210.0,1 pz
281570,Ganascia MGF MINI40 U40,210.0,1 pz
281571,Ganascia MGF MINI40  M12,185.0,1 pz
281611,Ganascia a Catena M64mm,2225.0,1 pz
281612,"Ganascia a Catena M66,7mm",2100.0,1 pz
281613,"Ganascia a Catena M76,1mm",2350.0,1 pz
281614,"Ganascia a Catena M88,9mm",2425.0,1 pz
281615,Ganascia a Catena M108mm,3000.0,1 pz
281616,Set Valigetta Segmenti a Catena,3696.4,1 pz
281617,Ganascia KSP3 M15,229.0,1 pz
281618,Ganascia KSP3 M18,229.0,1 pz
281619,Ganascia KSP3 M22,229.0,1 pz
281620,Ganascia M28 KSP3 28mm,250.0,1 pz
281621,Ganascia M35 KSP3 35mm,289.0,1 pz
281622,"Ganascia a Catena M KSP3 76,10mm",3250.0,1 pz
281623,"Ganascia a Catena M KSP3 88,90mm",3365.0,1 pz
281624,Ganascia a Catena M KSP3 108mm per 900992,4025.0,1 pz
281625,Ganascia a Catena NW75N,2800.0,1 pz
281626,Adattatore per Ganascia a Catena NW75N,645.0,1 pz
281627,Ganascia MGF a Catena M42,420.32,1 pz
281628,Ganascia MGF a Catena M54 ,431.84,1 pz
281629,Adattatore ganascia a catena MGF,325.0,1 pz
281630,Ganascia STD SB14N,257.44,1 pz
281631,Ganascia STD SB16N,257.44,1 pz
281632,Ganascia STD SB18N,257.44,1 pz
281633,Ganascia STD SB20N,257.44,1 pz
281634,Ganascia STD SB26N,277.24,1 pz
281635,Ganascia STD SB32N,277.24,1 pz
281636,Ganascia STD SB40N,277.24,1 pz
281639,Ganascia MINI32 U18,195.0,1 pz
281640,Ganascia MINI32 U16,195.0,1 pz
281641,Ganascia MINI32 U20,195.0,1 pz
281642,Ganascia MINI32 U26,195.0,1 pz
281643,Ganascia MINI32 U32,215.0,1 pz
281644,Inserto M12,135.0,1 pz
281645,Inserto M15 ,135.0,1 pz
281646,Inserto M18,135.0,1 pz
281647,Inserto M22,135.0,1 pz
281648,Inserto H16 ,135.0,1 pz
281649,Inserto H20,135.0,1 pz
281650,Ganascia MINI32 TH14,195.0,1 pz
281651,Ganascia MINI32 TH16,195.0,1 pz
281652,Ganascia MINI32 TH18,195.0,1 pz
281653,Ganascia MINI32 TH20,195.0,1 pz
281654,Ganascia MINI32 TH26,225.0,1 pz
281655,Ganascia MINI32 TH32,225.0,1 pz
281656,Ganascia MINI32 H16,195.0,1 pz
281657,Ganascia MINI32 H20,195.0,1 pz
281658,Ganascia MINI32 H26,195.0,1 pz
281659,Inserto H26,135.0,1 pz
281660,Ganascia MINI32 M12,195.0,1 pz
281661,Ganascia MINI32 M15,195.0,1 pz
281662,Ganascia MINI32 M18,195.0,1 pz
281663,Ganascia MINI32 M22,229.0,1 pz
281664,Ganascia MINI32 M28,300.0,1 pz
281665,Inserto U 16 ,135.0,1 pz
281666,Inserto U 20 ,135.0,1 pz
281667,Inserto U 26 ,135.0,1 pz
281668,Inserto U 32 ,135.0,1 pz
281669,Inserto U 18 ,135.0,1 pz
281670,Ganascia MINI40 TH40,298.03,1 pz
281671,Ganascia MINI32 V15,200.0,1 pz
281672,Ganascia MINI32 V18,229.0,1 pz
281673,Ganascia MINI32 V22,229.0,1 pz
281674,Ganascia MINI32 V28,229.0,1 pz
281675,Ganascia MINI32 V12,195.0,1 pz
281676,Ganascia MINI32 V14,200.0,1 pz
281677,Ganascia MINI32 V16,200.0,1 pz
281678,Ganascia MINI40 V35,285.0,1 pz
281679,Ganascia MINI40 M35,308.43,1 pz
281690,Ganascia MINI40 TH25,195.0,1 pz
281691,Ganascia MINI40 TH18,250.0,1 pz
281700,Inserto MGF TH16,109.0,1 pz
281701,Inserto MGF TH20,109.0,1 pz
281702,Inserto MGF TH26,109.0,1 pz
281703,Inserto MGF TH32,109.0,1 pz
281704,Inserto MGF M15,109.0,1 pz
281705,Inserto MGF M18,109.0,1 pz
281706,Inserto MGF M22,109.0,1 pz
281707,Inserto MGF M28,109.0,1 pz
281708,Inserto MGF U16,109.0,1 pz
281709,Inserto MGF U20,109.0,1 pz
281710,Inserto MGF U25,109.0,1 pz
281711,Inserto MGF U32,109.0,1 pz
281712,Inserto MGF V15,109.0,1 pz
281713,Inserto MGF V18,109.0,1 pz
281714,Inserto MGF V22,109.0,1 pz
281715,Inserto MGF V28,109.0,1 pz
281716,Inserto TH14,135.0,1 pz
281717,Inserto TH16 ,135.0,1 pz
281718,Inserto TH18,135.0,1 pz
281719,Inserto TH20,135.0,1 pz
281720,Inserto TH26 ,135.0,1 pz
281721,Inserto TH32,135.0,1 pz
281722,Inserto V15,135.0,1 pz
281723,Inserto V18 ,135.0,1 pz
281724,Inserto V22 ,135.0,1 pz
281725,Inserto V28 ,135.0,1 pz
281726,Inserto MGF TH14,109.0,1 pz
281727,Inserto MGF V12,109.0,1 pz
281728,Inserto MGF V14,109.0,1 pz
281729,Inserto MGF V16,109.0,1 pz
281730,Inserto V12,135.0,1 pz
281731,Inserto TH12,135.0,1 pz
281732,Inserto MGF TH25,109.0,1 pz
281733,Inserto TH10,135.0,1 pz
281760,Ganascia MINI40 Portainserti,490.0,1 pz
281796,Ganascia MINI32 Portainserti,375.0,1 pz
281798,Ganascia MGF MINI40 Portainserti,225.0,1 pz
281798KM,Kit Ganascia MGF MINI40 Portainserti c/inserti M15-18-22-28,580.0,1 pz
281798KT,Kit Ganascia MGF MINI40 Portainserti c/inserti TH16-20-26-32,580.0,1 pz
281798KV,Kit Ganascia MGF MINI40 Portainserti c/inserti V15-18-22-28,580.0,1 pz
281799,Ganascia MGF STD Portainserti,175.0,1 pz
281799KM,Kit Ganascia MGF STD Portainserti c/inserti M15-18-22-28,500.0,1 pz
281799KT,Kit Ganascia MGF STD Portainserti c/inserti TH16-20-26-32,500.0,1 pz
281799KV,Kit Ganascia MGF STD Portainserti c/inserti V15-18-22-28,500.0,1 pz
281900KN,Kit cartellatrice flangiatubi manuale,189.15,1 pz
281900KR,Kit cartellatrice flangiatubi manuale + raccordi,221.75,1 pz
281901,Cartellatrice Flangiatubi Manuale CSST DN10-25,49.0,1 pz
281910,"Dima Per Tubi CSST DN10 (3/8"") / DN12 (1/2"")",18.0,1 pz
281911,"Dima Per Tubi CSST DN10 (3/8"") / DN12X (1/2"")",18.0,1 pz
281912,"Dima Per Tubi CSST DN12 (1/2"") / DN15 (3/4"")",18.0,1 pz
281913,"Dima Per Tubi CSST DN12X (1/2"") / DN15 (3/4"")",18.0,1 pz
281914,"Dima Per Tubi CSST DN20 (1"") / DN25 (1 1/4"")",18.0,1 pz
295000,Trivella Dritta Ø 16 mm,29.0,1 pz
295001,Trivella a Dente Ø 22 mm,29.0,1 pz
295002,Trivella a Imbuto Ø 22 mm,29.0,1 pz
295003,Trivella Doppio Bulbo Ø 16 mm,29.0,1 pz
295004,Trivella a Dente Ø 16 mm,39.0,1 pz
295005,Trivella a Lancia Ø 16 mm,39.0,1 pz
295006,Trivella a Spatola Ø 22 mm,39.0,1 pz
295007,Trivella a Lancia Ø 22 mm,39.0,1 pz
295008,Trivella a Spatola Ø 16 mm,39.0,1 pz
300000/10M,"Tubo 150bar - 10000mm - 1/2""FF",198.03,1 pz
300000/3M,"Tubo 150bar - 3000mm- 1/2""FF",65.0,1 pz
300000/5M,"Tubo 150bar -5000mm- 1/2""FF",80.0,1 pz
300000/MGF,"Tubo 150bar - 1500mm- 1/2""FF",56.0,1 pz
300002/MGF,"Tubo 80 Bar - 1500mm - 1/2""FF",43.88,1 pz
300006,Tubo Post Contatore AMICO,14.5,1 pz
300012,"Tubo Protezione per MDM (1,5metri)",175.0,1 pz
300016,"Tubo 80 bar 1/2""F - 3/8""M 3m",50.0,1 pz
300017,"Tubo  80 Bar - 1500mm - 1/2"" (nylon)",47.53,1 pz
300020/0015,Tubo Disostruente per PRESS c/ugello 15m,95.0,1 pz
300020/0020,Tubo Disostruente per PRESS c/ugello 20m,130.0,1 pz
300023,"Tubo 3/8""F-1/2""F 1,5m 330bar DN10",75.0,1 pz
300029,"Tubo Racc. 3/8""F-3/8""F MTKM 700Bar 15m",1295.0,1 pz
300039,"Tubo Racc. 3/8""F-3/8""F MTKM 700Bar 5m",550.0,1 pz
300047,"Tubo Racc. 3/8""F-3/8""F MTKM 700Bar 10m",990.1,1 pz
300049,"Tubo Racc. 3/8""F-3/8""F MTKM 700Bar 2m",290.44,1 pz
300053,"Tubo 1/2""F-1/2""M 2,5m 330bar DN10",95.0,1 pz
300054,"Tubo 1/2""FF 10m 330bar DN10 inox AISI316",330.04,1 pz
300055,"Tubo Racc. 3/8""F-3/8""F MTKM 700Bar 20m",1716.19,1 pz
300057,"Tubo Racc. 3/8""F-3/8""F MTKM 700Bar 50m",3960.44,1 pz
300062,"Tubo Racc. 3/8""F-3/8""F MTKM 700Bar 3m",409.24,1 pz
300063,"Tubo 3/8""F-1/2""F 3m 330bar DN10",90.0,1 pz
300064,"Tubo 3/8""F-1/2""F 5m 330bar DN10",150.0,1 pz
300065,"Tubo 3/8""F-1/2""F 50m 330bar DN10",850.0,1 pz
302340,"Kit Tubi 1/4""-1/4"" (R422,R407,R134…) 45° 1500mm RNK",79.0,1 pz
302341,"Tubo 1/4""-1/4"" (R422, R407, R134…) 45° 1500mm RNG",31.0,1 pz
302342,"Tubo 1/4""-1/4"" (R422, R407, R134…) 45° 1500mm RNR",31.0,1 pz
302343,"Tubo 1/4""-1/4"" (R422, R407, R134…) 45° 1500mm RNB",31.0,1 pz
302344,"Kit Tubi 1/4""-5/16"" (R410 e R32) 45° 1500mm RNK",79.0,1 pz
302345,"Tubo 1/4""-5/16"" (R410 e R32) 45° 1500mm RNR",31.0,1 pz
302346,"Tubo 1/4""-5/16"" (R410 e R32) 45° 1500mm RNB",31.0,1 pz
302347,"Tubo 1/4""-5/16"" (R410 e R32) 45° 1500mm RNG",31.0,1 pz
302380,"Kit tubi 5/16""-5/16"" (R410 e R32) 45° 1500mm RNK",79.0,1 pz
302381,"Tubo 5/16""-5/16"" (R410 e R32) 45° 1500mm RNG",31.0,1 pz
302382,"Tubo 5/16""-5/16"" (R410 e R32) 45° 1500mm RNR",31.0,1 pz
302383,"Tubo 5/16""-5/16"" (R410 e R32) 45° 1500mm RNB",31.0,1 pz
302443,"Tubo 3/8""-3/8"" 900 mm G s/depressore",22.0,1 pz
302444,"Tubo 3/8""-3/8"" 2500 mm G s/depressore",29.0,1 pz
305150,Tubo 3m 10bar 80°C ISO R1307 (Nero),95.0,1 pz
305153,Tubo 15m 10bar 80°C ISO R1307 (Nero),145.0,1 pz
305154,Tubo 10m 10bar 80°C ISO R1307 (Nero),125.0,1 pz
306152,"Tubo Collegamento Vulcano 3/4""FF 0,6m",25.0,1 pz
320350.402,Bussola Polifusore per saldature a sella D40/20-25,40.0,1 pz
320350.505,Bussola Polifusore per saldature a sella D50/25,40.0,1 pz
320350.635,Bussola Polifusore per saldature a sella D63/25,50.0,1 pz
320382,Bussola Polifemo 16 TAB B DVS 2208,35.0,1 pz
320383,Bussola Polifemo 32 TAB B DVS 2208,40.0,1 pz
320384,Bussola Polifemo 40 TAB B DVS 2208,40.0,1 pz
320386,Bussola Polifemo 125 TAB A DVS 2208,250.0,1 pz
320387,Bussola Polifemo 110 TAB A DVS 2208,200.0,1 pz
320388,Bussola Polifemo 90 TAB A DVS 2208,175.0,1 pz
320389,Bussola Polifemo 75 TAB A DVS 2208,130.0,1 pz
320390,Bussola Polifemo 63 TAB A DVS 2208,110.0,1 pz
320391,Bussola Polifemo 50 TAB A DVS 2208,75.0,1 pz
320392,Bussola Polifemo 40 TAB A DVS 2208,35.0,1 pz
320393,Bussola Polifemo 32 TAB A DVS 2208,35.0,1 pz
320394,Bussola Polifemo 25 TAB A DVS 2208,35.0,1 pz
320395,Bussola Polifemo 20 TAB A DVS 2208,40.0,1 pz
320396,Bussola Polifemo 20 TAB B DVS 2208,40.0,1 pz
320397,Bussola Polifemo 25 TAB B DVS 2208,40.0,1 pz
320399,Bussola Polifemo 16 TAB A DVS 2208,35.0,1 pz
322950.040,Adattatore morsa 40mm per Twist and Cut,25.0,1 pz
323005A,"Bussola 1/2"" BSPT (A)",79.0,1 pz
323007A,"Bussola 3/4"" BSPT (A)",79.0,1 pz
323009A,"Bussola 1"" BSPT (A)",90.0,1 pz
323011A,"Bussola 1 1/4"" BSPT (A)",90.0,1 pz
323015A,"Bussola 1 1/2"" BSPT (A)",90.0,1 pz
323017A,"Bussola 2"" BSPT (A)",90.0,1 pz
324005A,"Serie Pettini 1/2"" BSPT (A)",29.0,1 pz
324007A,"Serie Pettini 3/4"" BSPT (A)",29.0,1 pz
324009A,"Serie Pettini 1"" BSPT (A)",29.0,1 pz
324011A,"Serie Pettini 1 1/4"" BSPT (A)",29.0,1 pz
324013A,"Serie Pettini 1 1/2"" BSPT (A)",29.0,1 pz
324015A,"Serie Pettini 2"" BSPT (A)",29.0,1 pz
330001,"Catena per Giratubi Cat. Reversibile 4""",30.0,1 pz
330002,"Catena per Giratubi Heavy Duty 4""",55.0,1 pz
330003,"Catena per Giratubi Heavy Duty 6""",80.0,1 pz
330004,"Catena per Giratubi Heavy Duty 8""",99.0,1 pz
330005,"Catena per Giratubi Heavy Duty 10""",135.0,1 pz
330006,"Catena per Giratubi Heavy Duty 12""",175.0,1 pz
330007,"Catena per Giratubi Heavy Duty 16""",250.0,1 pz
330008,"Nastro per Giratubi a Nastro 3""",15.0,1 pz
330009,"Nastro per Giratubi a Nastro 8""",16.0,1 pz
430052,Inserto Adattatore PressAx Ø12mm,6.61,1 pz
430053,Inserto Adattatore PressAx Ø16mm,6.61,1 pz
430054,Inserto Adattatore PressAx Ø20mm,6.61,1 pz
430055,Inserto Adattatore PressAx Gomiti,9.23,1 pz
430056,Inserto Adattatore PressAx TEE,6.61,1 pz
640102,TopBAG - Trolley modulare multiuso,85.0,1 pz
650014,Valigetta Nera Porta 4 Ganasce MGF,75.0,1 pz
730001,Batteria iPress MINI e AX 18V-1.3Ah-Li,290.0,1 pz
730002,"Batteria Makita 3,0Ah Li-Ion",145.0,1 pz
730009,Adattatore Cavo-Batteria 230V-18VDC,559.0,1 pz
730014,Adattatore Ganasce Catena 64-108mm,1275.0,1 pz
730028,Batteria Li-Ion 18V/5Ah,95.0,1 pz
730040,"Batteria Li-Ion 24V/1,3Ah",70.0,1 pz
730045,Adattatore Cavo-Batteria 230V-20VDC,250.0,1 pz
750103,Carta Stampante AMICO my2012,4.96,1 pz
750107,Lettore SD Card USB,17.16,1 pz
757102,Sensore Cercafughe Monossido Carbonio,277.24,1 pz
757103,Sensore 50 bar Condizionamento,195.0,1 pz
757104,Sensore 5 bar per Impianti Gas,200.0,1 pz
757105,"Sensore Cercafughe Gas (Metano, Propano)",200.0,1 pz
757111,Sensore Cercafughe Gas Refrigeranti,200.0,1 pz
757112,Sensore 50 bar,200.0,1 pz
790003,Olio Per Filettare 100 ml,8.0,1 pz
790005,Olio Spray Per Filettare 400 ml,14.5,1 pz
790006,Olio Spray Per Filettare 600 ml,16.0,1 pz
790030,Olio Idraulico 1L,26.4,1 pz
790100,"Olio Minerale 0,5Lper pompe vuoto",20.0,1 pz
790101,Olio Per Cartelle 100 ml,15.0,1 pz
790102,Olio Minerale   1L per pompe vuoto,35.0,1 pz
791002,FLUX - Liquido di flussaggio 1L,18.5,1 pz
791005,FLUX FAST - Flussante spray c/cono in gomma 600ml (12 ,198.03,1 cf
791011,Liquido Flussante Impianti Nuovi 1L,17.0,1 pz
791012,Liquido Flussante Impianti Nuovi 5L,69.0,1 pz
791014,Disincrostante in Polvere Idrosolub. 5Kg,48.0,1 pz
791016,Sanificante Bomboletta Spray 500 ml,8.92,1 pz
791027,Neutralizzatore di Acidi 5L,29.0,1 pz
791028,Liquido Inibitore di Corrosione 5L,69.0,1 pz
791028.1,Liquido Inibitore di Corrosione 1L,19.0,1 pz
791030,SplitClean 5L,37.0,1 pz
791039,Foggy con 2 diffusori,590.0,1 pz
791040,Foggy con 2 diffusori e 1 Alfaclean,600.0,1 pz
791041,ALFACLEAN 500 ml,15.0,1 pz
791045,Turafalle fino a 10L/gg  (1L),68.8,1 pz
791046,Turafalle da 10 a 30L/gg  (1L),85.0,1 pz
791050,PureFog 1L,30.0,1 pz
791051,ALFACLEAN 5L,50.0,1 pz
791080,Foggy 1000,275.0,1 pz
791101,FLUO FIX - Turafalle per impianti di condizionamento 9mL,23.65,1 pz
791150,Hands Clean - Sistema di igiene per le mani portatile,315.0,1 pz
793046,Liquido SuperSol per calcare e alghe 10Kg,263.93,1 pz
793047,Inibitore di Corrosione 10L,528.06,1 pz
810074,Filtro Defangatore per Solar e Tsunami,165.0,1 pz
810075,Kit Rubinetto per Tubo Solar e Tsunami,20.79,1 pz
810077K,Kit carrello c/Cassa e accessori pompe collaudo,446.1,1 pz
810174,MAGNITUDO,500.0,1 pz
810175,MAGNITUDO UP,575.0,1 pz
816150,Adattatore 400V-230V Vulcano (cantiere),62.0,1 pz
816151,Adattatore 400V-230V Vulcano (schuko),59.0,1 pz
816154,Adattatore 400V 32A - 400V 16A per Vulcano Power 20kW,388.13,1 pz
816155,Adattatore 400V 32A - 230V 32A (cantiere) Vulcano Power 20kW,210.0,1 pz
816156,Adattatore 400V 32A - 230V 16A (schuko) Vulcano Power 20kW,169.0,1 pz
823000,Pompa 8 bar MGF Amico,45.0,1 pz
823200,Strumento per Volume Campione MGF Amico,15.0,1 pz
900700,Carotatrice BLACK Diamond Dry 2500W,1750.0,1 pz
900701,Carotatrice BLACK Diamond Wet&Dry 2500W,1950.0,1 pz
900710,Kit Carotaggio BLACK Diamond Dry 2500W,2950.0,1 pz
900711,Kit Carotaggio BLACK Diamond Wet&Dry 2500W,3155.0,1 pz
900712,Kit Carotaggio BLACK Diamond Wet&Dry 4600W,5985.0,1 pz
900780,Carotatrice SILVER Diamond Dry 2000W,1497.03,1 pz
900808,Carotatrice Diamond secco/umido per piastrelle,1450.0,1 pz
900820,Aspiratore per Carotatrice 220-240 V / 1000 W ,1300.0,1 pz
900910,Pressatrice MGF 320F 230V,1339.03,1 pz
900919,Pressatrice a batteria MGF 191B,1700.0,1 pz
900919GM1,Kit Pressatrice 191B c/ganasce (M 15-18-22) e 2 batterie,1875.0,1 pz
900919GM2,Kit Pressatrice 191B c/ganasce (M 15-22-28) e 2 batterie,1875.0,1 pz
900919GT1,Kit Pressatrice 191B c/ganasce (TH16-20-26) e 2 batterie,1875.0,1 pz
900919GU1,Kit Pressatrice 191B c/ganasce (U 16-20-25) e 2 batterie,1875.0,1 pz
900919GV1,Kit Pressatrice 191B c/ganasce (V 15-18-22) e 2 batterie,1875.0,1 pz
900919GV2,Kit Pressatrice 191B c/ganasce (V 15-22-28) e 2 batterie,1875.0,1 pz
900919K,Kit Pressatrice 191B  c/portainserti e 2 batterie,1800.0,1 pz
900919KM,Kit Pressatrice 191B c/ganascia e 4 inserti (M 15-18-22-28) e 2 ,2000.0,1 pz
900919KT,Kit Pressatrice 191B c/ganascia e 4 inserti TH (16-20-26-32) e 2 ,2000.0,1 pz
900919KU,"Kit Pressatrice 191B c/ganascia, 4 inserti (U 16-20-25-32) e 2 ",2000.0,1 pz
900919KV,"Kit Pressatrice 191B c/ganascia, 4 inserti (V 15-18-22-28) e 2 batterie",2000.0,1 pz
900926,Carotatrice RED DIAMOND Dry 2600W  ,1400.0,1 pz
900926.27,Supporto per Carotatrice RED DIAMOND Micropercussione ,1050.0,1 pz
900927,Carotatrice RED DIAMOND Wet&Dry 2200W,1600.0,1 pz
900928,Kit Carotaggio RED Diamond Wet&Dry 2200W,2600.0,1 pz
900929,Kit Carotaggio RED Diamond Dry 2600W,2400.0,1 pz
900930,Pressatrice a batteria MGF 190B,1767.52,1 pz
900932,Pressatrice a batteria MGF 321B,1700.0,1 pz
900932GM1,Kit Pressatrice 321B c/ganasce (M 15-18-22) e 2 batterie,1875.0,1 pz
900932GM2,Kit Pressatrice 321B c/ganasce (M 15-22-28) e 2 batterie,1875.0,1 pz
900932GT1,Kit Pressatrice 321B c/ganasce (TH16-20-26) e 2 batterie,1875.0,1 pz
900932GU1,Kit Pressatrice 321B c/ganasce (U 16-20-25) e 2 batterie,1875.0,1 pz
900932GV1,Kit Pressatrice 321B c/ganasce (V 15-18-22) e 2 batterie,1875.0,1 pz
900932GV2,Kit Pressatrice 321B c/ganasce (V 15-22-28) e 2 batterie,1875.0,1 pz
900932K,Kit Pressatrice 321B  c/portainserti e 2 batterie,1800.0,1 pz
900932KM,Kit Pressatrice 321B c/ganascia e 4 inserti (M 15-18-22-28) e 2 ,2000.0,1 pz
900932KT,Kit Pressatrice 321B c/ganascia e 4 inserti (TH16-20-26-32) e 2 ,2000.0,1 pz
900932KU,Kit Pressatrice 321B c/ganascia e 4 inserti (U 16-20-25-32) e 2 ,2000.0,1 pz
900932KV,Kit Pressatrice 321B c/ganascia e 4 inserti (V 15-18-22-28) e 2 ,2000.0,1 pz
900952,Kit 2 Calibratori,30.0,1 pz
900953,Calibratore c/cricco 16x2-20x2-26x3-32x3,66.0,1 pz
900954,Calibratore 16x2-20x2-26x3-32x3,55.0,1 pz
900955,"Calibratore 16x2-20x2,5-26x3-32x3",55.0,1 pz
900956,"Calibratore c/cricco 16x2-20x2,5-26x3-32x3",66.0,1 pz
900957,"Calibratore 16x2,25-20x2,5-26x3-32x3",55.0,1 pz
900958,"Calibratore c/cricco 16x2,25-20x2,5-26x3-32x3",66.0,1 pz
900959,"Calibratore c/cricco 40x3,5-50x4-63x4,5",155.0,1 pz
900960,Calibratore Interni/Esterni a Y 16x2-20x2-26x3,102.0,1 pz
900961,Kit Calibratore Interni/Esterni 16x2-20x2-26x3-32x3,194.06,1 pz
900962.014,Calibratore e Sbavatore Interni/Esterni 14x2,39.95,1 pz
900962.016,Calibratore e Sbavatore Interni/Esterni 16x2,41.0,1 pz
900962.018,Calibratore e Sbavatore Interni/Esterni 18x2,42.0,1 pz
900962.020,Calibratore e Sbavatore Interni/Esterni 20x2,44.0,1 pz
900962.026,Calibratore e Sbavatore Interni/Esterni 26x3,54.0,1 pz
900962.032,Calibratore e Sbavatore Interni/Esterni 32x3,68.0,1 pz
900962.040,Calibratore e Sbavatore Interni/Esterni 40x3.5,99.0,1 pz
900962.050,Calibratore e Sbavatore Interni/Esterni 50x4,155.0,1 pz
900962.063,Calibratore e Sbavatore Interni/Esterni 63x4.5,265.0,1 pz
900962.075,Calibratore e Sbavatore Interni/Esterni 75x7.5,425.0,1 pz
900962.MC,Maniglia con Cricco per calibratore 900962.MC,62.5,1 pz
900962.MS,Maniglia Standard per calibratore 900962.MS,47.25,1 pz
900970,Pinzatrice Manuale c/inserti TH16-20-26,239.0,1 pz
900975,Pressatrice MGF MINIMAX40 19KN a batteria 18V/3.0 senza ganasce,1975.0,1 pz
900979,Pressatrice MINIMAX 40 con batteria 18V/3.0 19kN c/Portainserti,2090.0,1 pz
900979GM1,Kit Pressatrice MINIMAX 40 c/ganasce (M 15-18-22) e batteria,2435.0,1 pz
900979GM2,Kit Pressatrice MINIMAX 40 c/ganasce (M 15-22-28) e batteria,2435.0,1 pz
900979GT1,Kit Pressatrice MINIMAX 40 c/ganasce (TH16-20-26) e batteria,2435.0,1 pz
900979GU1,Kit Pressatrice MINIMAX 40 c/ganasce (U 16-20-25) e batteria,2435.0,1 pz
900979GV1,Kit Pressatrice MINIMAX 40 c/ganasce (V 15-18-22) e batteria,2435.0,1 pz
900979GV2,Kit Pressatrice MINIMAX 40 c/ganasce (V 15-22-28) e batteria,2435.0,1 pz
900979KM,Kit Pressatrice MINIMAX 40 c/ganascia e 4 inserti (M 15-18-22-28),2500.0,1 pz
900979KT,Kit Pressatrice MINIMAX 40 c/ganascia e 4 inserti (TH16-20-26-32),2500.0,1 pz
900979KU,Kit Pressatrice MINIMAX 40 c/ganascia e 4 inserti (U 16-20-25-32),2500.0,1 pz
900979KV,Kit Pressatrice MINIMAX 40 c/ganascia e 4 inserti (V 15-18-22-28),2500.0,1 pz
900985,Pressatrice Classic 110 B ACC,3000.0,1 pz
900987,Pressatrice Classic 110 B,2275.0,1 pz
900987GM1,Kit Pressatrice Classic 110 B c/ganasce (M 15-18-22) e batteria,2700.0,1 pz
900987GM2,Kit Pressatrice Classic 110 B c/ganasce (M 15-22-28) e batteria,2700.0,1 pz
900987GT1,Kit Pressatrice Classic 110 B c/ganasce (TH 16-20-26) e batteria,2700.0,1 pz
900987GU1,Kit Pressatrice Classic 110 B c/ganasce (U 16-20-25) e batteria,2700.0,1 pz
900987GV1,Kit Pressatrice Classic 110 B c/ganasce (V 15-18-22) e batteria,2700.0,1 pz
900987GV2,Kit Pressatrice Classic 110 B c/ganasce (V 15-22-28) e batteria,2700.0,1 pz
900987KM,Kit Pressatrice Classic 110 B c/ganascia e 4 inserti (M 15-18-22-28),2700.0,1 pz
900987KT,Kit Pressatrice Classic 110 B c/ganascia e 4 inserti (TH16-20-26-32),2700.0,1 pz
900987KU,Kit Pressatrice Classic 110 B c/ganascia e 4 inserti (U 16-20-25-32),2700.0,1 pz
900987KV,Kit Pressatrice Classic 110 B c/ganascia e 4 inserti (V 15-18-22-28),2700.0,1 pz
900988,Pressatrice MINI32 con portainserti e 2 batterie,1950.0,1 pz
900988B,Pressatrice MINI32 con 2 batterie,1752.0,1 pz
900988KM,Kit Pressatrice MINI32 con 3 inserti M (15-22-28) e 2 batterie,2300.0,1 pz
900988KT,Kit Pressatrice MINI32 con 3 inserti TH (16-20-26) e 2 Batterie,2300.0,1 pz
900988KU,Kit Pressatrice MINI32 con 3 inserti U (16-20-25) e 2 batterie,2300.0,1 pz
900988KV,Kit Pressatrice MINI32 con 3 inserti V (15-22-28) e 2 batterie,2300.0,1 pz
900990,Pressatrice Assiale Manuale Completa,372.6,1 pz
901250,"Filiera Manuale 1/2"" - 2"" BSPT (R)",575.0,1 pz
902000,"Curvatubi MASTER 10,12,14,16,18,20,22 mm",250.0,1 pz
902000-PM,Curvatubi MASTER s/accessori,190.0,1 pz
902300,"Curvatubi CM22 10,12,14,16,18,20,22 mm",250.0,1 pz
902399,"Curvatubi CM22 12,15,18,22 mm",200.0,1 pz
9023XX-PM,Curvatubi CM - Solo macchina s/cofanetto,231.03,1 pz
902400,"Curvatubi 10,12,14,16,18, 20, 22 mm+M373",363.04,1 pz
902500,"Curvatubi CM 16,20,26 mm",200.0,1 pz
902800,"Curvatubi Fiberglass 4-10mm 1/4""-3/8""",39.6,1 pz
902900,Curvatubi ALPEM 16-20-26-32 mm,275.0,1 pz
902902,Curvatubi ALPEM 16-20-25-26-32 mm,300.0,1 pz
902904,Curvatubi ALPEM 16-20-26 mm,225.0,1 pz
902910,Curvatubi ALPEM 16-18-20-25-32 mm,300.0,1 pz
903010,Curvatubi idraulica BIG 1/2'' - 3'',2690.0,1 pz
903020,Filettatrice Elettrica Portatile Giotto II Pro S,1700.0,1 pz
903022,Giotto II Pro XL,8790.0,1 pz
903030,Scanalatore GM1000,4900.0,1 pz
903099,Curvatubi idraulica BIG 1/2'' - 2'',1900.0,1 pz
903100,"Curvatubi CM 3/8"",1/2"",5/8"",3/4"",7/8""",250.0,1 pz
903290,"Classic Bender 1/2""",39.0,1 pz
903291,"Classic Bender 3/8""",24.0,1 pz
903292,"Classic Bender 1/4""",25.0,1 pz
903293,"Classic Bender 16mm ( 5/8"")",50.0,1 pz
903294,Classic Bender 15mm,48.0,1 pz
903295,Classic Bender 14mm,47.0,1 pz
903296,Classic Bender 12mm,35.0,1 pz
903297,Classic Bender 10mm,29.0,1 pz
903298,"Classic Bender 8mm (5/16"")",24.0,1 pz
903299,Classic Bender 6mm,23.0,1 pz
903301,"Curvatubi A Molla 8mm, 5/16""",4.63,1 pz
903302,Curvatubi A Molla 10mm,4.96,1 pz
903303,Curvatubi A Molla 12mm,5.94,1 pz
903304,Curvatubi A Molla 14mm,6.93,1 pz
903305,Curvatubi A Molla 15mm,9.9,1 pz
903306,"Curvatubi A Molla 16mm,5/8""",11.55,1 pz
903307,"Curvatubi A Molla 1/4""",4.96,1 pz
903308,"Curvatubi A Molla 3/8""",6.61,1 pz
903309,"Curvatubi A Molla 7/16""",7.93,1 pz
903310,"Curvatubi A Molla 1/2""",9.9,1 pz
903311,Curvatubi A Molla 18mm,12.55,1 pz
903312,Curvatubi A Molla 22mm,14.19,1 pz
903313,"Curvatubi A Molla 3/4""",12.88,1 pz
903323,Curvatubi A Molla 20mm,13.2,1 pz
903333,Molla Curvatubi Ø 12 mm,5.0,1 pz
903334,Molla Curvatubi Ø 14 mm,8.0,1 pz
903335,Molla Curvatubi Ø 16 mm,12.0,1 pz
903336,Molla Curvatubi Ø 20 mm,14.0,1 pz
903337,Molla Curvatubi Ø 26 mm,19.0,1 pz
903341,Kit Molle Curvatubi Ø 12-16-20-26 mm,60.46,1 pz
903350,Curvatubi Idraulica EB40,875.0,1 pz
903351,Kit per curve tubo Ø40 Curvatubi idraulica EB40,279.0,1 pz
903352,Curvatubi Idraulica EB32,625.0,1 pz
903362,Curvatubi Idraulica EB22P con matrici in pollici,550.0,1 pz
903399,Kit Molle Curvatubi PVC (4pz),49.0,1 pz
904100,Pompa Disostruente Manuale FULL OPT.,229.0,1 pz
904101,Pompa Disostruente Manuale LT,209.0,1 pz
904105,Pompa Disostruente Man. XLT,195.0,1 pz
904150,Pompa Disostruente PUSH-UP,145.0,1 pz
904150T,Tamponi Per Pompa Dis. PUSH-UP,75.0,1 pz
904175,Macchina Disostruente a Molla MDM 300,2900.0,1 pz
904180,Macchina Disostruente a Molla MDM 20,130.7,1 pz
904180M,"Molla MDM 20 8mmx7,50M",50.0,1 pz
904185,Macchina Disostruente a Molla MDM 75,1350.0,1 pz
904185.645,Molla Disostruente 6x4.5m,17.0,1 pz
904185.830,Molla Disostruente 8x3.0m,18.0,1 pz
904185.845,"Molla Disostruente 8x4,5m",25.0,1 pz
904185.860,"Molla Disostruente 8x6,0m",29.0,1 pz
904190,Macchina Disostruente a Molla MDM 25,275.0,1 pz
904190M,"Molla MDM 25 8mmx10,70M",70.0,1 pz
904191,Macchina Disos. a Molla MDM 50,750.0,1 pz
904198,Macchina Disos.a Molla MDM 100,950.0,1 pz
904199,Macchina Disos.a Molla MDM 150,2350.0,1 pz
904199.M,MDM150 (Solo Macchina),900.0,1 pz
904200,Pompa Collaudo Verticale 60 Bar,285.0,1 pz
904298,Pompa Collaudo Verticale 60 Bar VITON,295.0,1 pz
904300,Pompa Collaudo Orizzontale 60 Bar,265.0,1 pz
904320/MGF,Pompa Collaudo DUAL 60 Bar,345.0,1 pz
904321,Pompa Collaudo DUAL 60 Bar INOX,375.0,1 pz
904400,Strumento HELP 12 bar,55.0,1 pz
904500,Elettrocompressore Disostruente BLITZ,575.0,1 pz
904540,Kit Pistola + Tubo con attacco rapido,25.0,1 pz
904550,"Twister - Lavaggio, Collaudo e Pulizia",2650.0,1 pz
904600,Pompa Collaudo Orizzontale 120 Bar,295.0,1 pz
904699,Pompa Collaudo Orizzontale 120 Bar INOX,355.0,1 pz
904700,Pompa Collaudo Manuale 300 bar,6624.0,1 pz
904700S,Pompa Collaudo 300 bar S/Serbatoio,6003.0,1 pz
904800,Pompa Collaudo Manuale 500 bar,6624.0,1 pz
904900,Pompa Collaudo Manuale 1000bar,7659.0,1 pz
904930,Pompa Collaudo Manuale 1300bar,8694.0,1 pz
904930S,Pompa Collaudo 1300bar s/serb.,8073.0,1 pz
905100,Pompa Collaudo Elettrica 20 bar,1175.0,1 pz
905105,Pompa Collaudo Elettrica 25 bar,1550.0,1 pz
905146,Kit Tsunami 60/7 + Tornado Forza 3,2000.0,1 pz
905147,Kit Tsunami 70/8 + Tornado Forza 3,2300.0,1 pz
905148,Kit Tsunami 95/9 + Tornado Forza 3,2450.0,1 pz
905149,Pompa Lavaggio e Carica SOLAR EXPRESS,1000.0,1 pz
905150,Pompa Lavaggio e Carica SOLAR SYSTEM,1125.0,1 pz
905151,Pompa Tsunami 70/8,1350.0,1 pz
905153,Pompa Tsunami 60/7,1095.0,1 pz
905154,Pompa Tsunami 95/9,1525.0,1 pz
905155,TORNADO - Modulo Lavaggio,625.0,1 pz
905156,Kit Tsunami 60/7 + Tornado,1675.0,1 pz
905157,Kit Tsunami 70/8 + Tornado,2000.0,1 pz
905158,Kit Tsunami 95/9 + Tornado,2100.0,1 pz
905161,Kit Tsunami 60/7 + Tornado + Accessori,1700.0,1 pz
905162,Kit Tsunami 70/8 + Tornado + Accessori,2025.0,1 pz
905163,Kit Tsunami 95/9 + Tornado + Accessori,2125.0,1 pz
905165,TORNADO Forza 3,975.0,1 pz
905175,Manometro di collaudo per Solar 12bar,50.0,1 pz
905198,Pompa Collaudo Elettrica 20 bar INOX,1275.0,1 pz
905200,Pompa Collaudo PRESS 60 bar 230V,865.0,1 pz
905201,Pompa Collaudo PRESS 80 bar 230V,895.0,1 pz
905250,Pompa Collaudo PRESS 60 bar 115V,925.0,1 pz
905300,CLEANMATIC Idropulitrice Disostruente,865.0,1 pz
905449.060,MGF Trilogy Magnetic 60,4475.0,1 pz
905449.070,MGF Trilogy Magnetic 70,4500.0,1 pz
905449.095,MGF Trilogy Magnetic 95,4525.0,1 pz
905450.060,MGF Trilogy 60,4175.0,1 pz
905450.070,MGF Trilogy 70,4200.0,1 pz
905450.095,MGF Trilogy 95,4425.0,1 pz
905451CL,CondHome L - Cover per lavaggio unità interne condizionatori large,35.0,1 pz
905451CM,CondHome M - Cover per lavaggio unità interne condizionatori ,30.0,1 pz
905451CS,CondHome S - Cover per lavaggio unità interne condizionatori small,25.0,1 pz
905451CT,CondHome T - Cover per lavaggio unità interne condizionatori ,75.0,1 pz
905453,TopGun 2,125.0,1 pz
905454,TopGun 2 Kit - Kit per la pulizia degli scambiatori ,375.0,1 pz
905500,Water Jet 13/100 - 230V - Disostruisce Collauda Lava,4500.0,1 pz
905550,Motor Jet 16/160 - Benzina,6000.0,1 pz
905575/0000,AirCleaner SL (Sanificazione+Lavaggio),1500.0,1 pz
905600/MGF,Pompa Coll. 180bar 13L Trif. 400V/5KW,2150.0,1 pz
905650,Pompa Coll. 500bar 15L Trif. 400V/15KW,7900.0,1 pz
905696/0001,"Pompa Coll. 120bar 8L Trif. 400V/1,5KW",1850.0,1 pz
905697,"Pompa Coll. 120bar 8L Monof. 230V/1,5KW",1850.0,1 pz
905698,"Pompa Coll. 120bar 4L Trif. 400V/1,5KW",1845.0,1 pz
905699,"Pompa Coll. 120bar 4L Monof. 230V/1,5KW",1845.0,1 pz
905700,Strumento HELP 25 bar Glicerina,79.0,1 pz
905799,Strumento HELP 40 bar Glicerina,79.0,1 pz
905800/0001,Strumento HELP 60 bar Glicerina MGF,79.0,1 pz
905820/0001,"Pompa Coll. 250bar 13L Trif. 400V/6,35KW",2400.0,1 pz
905821,"Pompa Coll. 250bar 13L Trif. 400V/6,35KW con motore ATEX",6250.0,1 pz
905897,Strumento HELP 250 bar glicerina,89.0,1 pz
905898,Strumento HELP 150 bar glicerina,80.0,1 pz
905899,Strumento HELP 60 Bar,65.0,1 pz
905900,Pompa Collaudo Orizzontale 60 bar VITON,275.0,1 pz
906000,Pompa Coll. Orizz. 60 bar INOX,315.0,1 pz
906099,Pompa Collaudo Orizz. 60 Bar INOX VITON,325.0,1 pz
906152,MGF Vulcano C-PLUS 10KW,2625.0,1 pz
906153,MGF Vulcano PRINT 10KW,2995.0,1 pz
906162,MGF Vulcano Power 20KW,4250.0,1 pz
907005,MGF Amico PRO,2000.0,1 pz
907006,MGF Amico GAS,1450.0,1 pz
907007,MGF Amico FREEZE,1450.0,1 pz
907008/MGF,MGF Amico PRINT kit,1200.0,1 pz
908000,Telecamera per videoispezione ULISSE,4050.0,1 pz
908000L,Telecamera per videoispezione ULISSE L,6500.0,1 pz
908000L.120,Telecamera per videoispezione ULISSE XL 120m,8000.0,1 pz
908000R,Telecamera per videoispezione ULISSE R,5000.0,1 pz
908000S,Telecamera per videoispezione ULISSE S,3375.0,1 pz
908000SR,Telecamera per videoispezione ULISSE SR,4686.51,1 pz
908000XT,Telecamera per videoispezione ULISSE XT,6000.0,1 pz
908000XTR,Telecamera per videoispezione ULISSE XTR,6900.0,1 pz
908001,Sonda autolivellante  ULISSE,1386.15,1 pz
908001.014,Sonda ULISSE d.14mm,990.1,1 pz
908001.038,Sonda ULISSE 38mm autolivellante,1683.18,1 pz
908001.138,Sonda ULISSE 38mm autolivellante + 512Hz,2099.03,1 pz
908001.A38,Adattatore Ulisse per camera 38mm e cavo 6.8mm,125.42,1 pz
908002,FINDER II - Ricevitore / Localizzatore wireless ULISSE,1500.0,1 pz
908003,Cestello cavo 4.8mmx20m ULISSE,871.3,1 pz
908003.015,Sfera guida 28mm per testa ULISSE 14mm,25.0,1 pz
908003.120,Guida Mini 75-120mm per teste 38mm,125.42,1 pz
908003.134,Kit Guide Mini 78-134mm per testa 38mm,316.82,1 pz
908003.250,Guida Universale Ulisse 120-250mm per teste 38mm,198.03,1 pz
908004,Kit espansione Ulisse -> Ulisse XT,2200.0,1 pz
908004.120,Kit Guide Mini 75-120mm con adattatore per testa 24mm,133.01,1 pz
908004.250,Kit Guide Mini 120-250mm con adattatore per testa 24mm,199.23,1 pz
908005,Telaio ULISSE,534.66,1 pz
908050,Telecamera per videoispezione ULISSE 360 ,8300.0,1 pz
915000,"Barra Per Nipples 500x1""",14.5,1 pz
915100,"Barra Per Nipples 750x1""",18.0,1 pz
915200,"Barra Per Nipples 1000x1""",25.25,1 pz
915300,"Barra Per Nipples 500x1 1/4""",21.5,1 pz
915400,"Barra Per Nipples 750x1 1/4""",30.0,1 pz
915500,"Barra Per Nipples 1000x1 1/4""",34.5,1 pz
915600,Chiave Manovra Fissa 18mm,26.0,1 pz
915700,Chiave A Cricco 18mm,85.0,1 pz
915800,Pistola Silicone Professionale,18.0,1 pz
915801,Pistola Silicone Doppio Rinforzo,22.0,1 pz
915802,Pistola Silicone Corpo Chiuso Alluminio,36.0,1 pz
915803,Pistola Per Resina Cartuccia 380 ml,39.0,1 pz
916000,"Kit Chiave Scalino + Cricco 1/2""",58.0,1 pz
916100,"Chiave a scalino per codoli 3/8""-1""",20.0,1 pz
916200,"Chiave a Cricco Revers. Foro Quadro 1/2""",19.0,1 pz
917400,"Morsa COBRA  Ribaltabile 3""",229.0,1 pz
917450,"Morsa ANACONDA per tubi 1/8""-6"" ",140.0,1 pz
918001,Srotolatore universale per tubi multistrato e plastici,450.0,1 pz
918150,TERMOLIFT P - Carrello per Radiatori,700.0,1 pz
918151,TERMOLIFT S - Carrello Rad. Montascale,950.0,1 pz
918162,LIFTER M 290 - Sollevatore a forche,3685.0,1 pz
918164,LIFTER 400 - Sollevatore a piattaforma,910.0,1 pz
918165,LIFTER M 410 - Sollevatore a forche,4395.0,1 pz
918166,LIFTER 522 - Sollevatore a piattaforma,2400.0,1 pz
918167,LIFTER M 500 - Sollevatore a forche,7690.0,1 pz
918170,Adattatore per l'installazione di porte avvolgibili per LIFTER M 500,175.0,1 pz
918190,"Cavalletto SLIDE 12""",195.0,1 pz
918191,Metal Detector CD1000,285.0,1 pz
918195,"Cavalletto New York 1/4"" - 3"" Leggero",420.0,1 pz
918197,"Cavalletto New York 1/4"" - 3"" Pesante",425.0,1 pz
918199,"Cavalletto TRIS 1/8'' - 6"" (10-168mm)",600.0,1 pz
918697,Tavolo da Lavoro WORK 1200x630x820 mm,330.0,1 pz
919089,Giravite Per Intaglio Non Isol.150x8mm,9.5,1 pz
919091,"Giravite Per Intaglio Non Isol.100x5,5mm",7.0,1 pz
919092,Giravite Per Intaglio Isolato 125x4mm,5.0,1 pz
919095,Giravite Per Intaglio Non Isol. 150x5mm,6.5,1 pz
919097,Giravite Per Intaglio Non Isol. 100x3mm,5.5,1 pz
919098,Giravite Per Intaglio Non Isolato 60x3mm,4.75,1 pz
919099,Giravite Intaglio Non Isol.25x6mm (nano),6.0,1 pz
919190,Giravite A Croce PHILIPS PH3,9.0,1 pz
919192,Giravite Croce PHILIPS100 x 5 mm Isolato,10.0,1 pz
919193,Giravite A Croce POZIDRIV 125 x 6 mm,12.0,1 pz
919194,Giravite A Croce POZIDRIV 100 x 5 mm,8.0,1 pz
919195,Giravite A Croce POZIDRIV 60 x 3 mm,6.0,1 pz
919197,Giravite A Croce PHILIPS 100 x 5 mm,6.0,1 pz
919198,Giravite A Croce PHILIPS 60 x 3 mm,5.0,1 pz
919199,"Giravite A Croce PHILIPS25x5,5 mm (nano)",6.0,1 pz
919293,Giravite TORX  125 x 7 mm,15.75,1 pz
919294,Giravite TORX  125 x 6 mm,12.75,1 pz
919295,Giravite TORX  115 x 5 mm,10.75,1 pz
919296,Giravite TORX  100 x 5 mm,10.5,1 pz
919297,Giravite TORX  100 x 4 mm,10.0,1 pz
919298,Giravite TORX  75 x 4 mm,7.75,1 pz
919299,Giravite TORX  75 x 3 mm,7.75,1 pz
919396,Giravite Testa Sferica-Esagonale 125x6mm,12.5,1 pz
919397,Giravite Testa Sferica-Esagonale 100x5mm,11.0,1 pz
919398,Giravite Testa Sferica-Esagonale 100x4mm,6.75,1 pz
919399,Giravite Testa Sferica-Esagonale 75x3mm,6.5,1 pz
919550,Set valigetta portautensili XXL III electric,2900.0,1 pz
919551,Set valigetta portautensili XXL 4 Plumber,2700.0,1 pz
919551E,Set valigetta portautensili XXL 4 Electric,2000.0,1 pz
919560,Set di giravite SoftFinish electric slimFix,88.0,1 pz
919561,"Set di giravite SoftFinish® A taglio, Pozidriv 6 pz. con attacco ",77.0,1 pz
919565,Giravite elettrico speedE® PocketDrive con bitbox e borsa,145.0,1 pz
919570,Set di utensili installazione wallbox domestiche 23 pz. incl. borsa ,637.0,1 pz
919571,"Set di giravite dinamometrici TorqueVario®-S electric 0,8-5,0 Nm ",400.0,1 pz
919572.44684,"Set di chiavi a tubo e inserti 1/4""",300.0,1 pz
919580,Zaino portautensili Set L mechanic 65 pz,1000.0,1 pz
919580LT,Zaino portautensili Set LT mechanic,725.0,1 pz
919598,Kit Giraviti STANDARD,35.0,1 pz
920118,Pinza per saldare e sagomare lamiera 90°,70.0,1 pz
920119,Pinza per saldare e sagomare lamiera 45°,70.0,1 pz
920120,Pinza per saldare e sagomare lamiera 0°,75.0,1 pz
920140,Pinza regolabile PLUS 180 mm,25.0,1 pz
920151,Kit Pinze Regolabili Classic c/imp. 7-10-12'',118.0,1 pz
920153,"Kit Pinze Regolabili REX 10"" - 250mm e 12'' -300mm",80.0,1 pz
920154,"Kit Pinze Regolabili REX 7"" - 10"" - 12""",100.0,1 pz
920155,Chiave POWERMAX apertura 0-52 mm,90.0,1 pz
920164,"Pinza Regolabile REX 12"" - 300mm",39.0,1 pz
920165,"Pinza Regolabile REX 10"" - 250mm",35.0,1 pz
920166,"Pinza Regolabile REX 7"" - 180mm",25.0,1 pz
920171,"Pinza Regolabile TECNO 15""/400mm",119.0,1 pz
920173,"Pinza Regolabile TECNO 10""/250mm",45.0,1 pz
920174,"Pinza Regolabile Classic 12""/300mm",54.0,1 pz
920175,"Pinza Regolabile Classic 10""/240mm",31.0,1 pz
920176,"Pinza Regolabile Classic  7""/180mm",31.0,1 pz
920177,"Pinza Regolabile Classic 12""/300mm c/imp",55.0,1 pz
920178,"Pinza Regolabile Classic 10""/240mm c/imp",34.0,1 pz
920179,"Pinza Regolabile Classic 7""/180mm c/imp",33.0,1 pz
920186,"Pinza Regolabile 16""/400mm c/impugnatura",25.0,1 pz
920187,"Pinza Regolabile Rossa 16""/400mm",32.0,1 pz
920189,"Pinza Regolabile Per Sifoni  2""/62mm",9.0,1 pz
920190,"Pinza Regolabile A Scanalatura 4""/95mm",18.0,1 pz
920191,"Pinza Regolabile A Scanalatura 2""/54mm",12.0,1 pz
920192,Pinza Regolabile a Scanalatura 1 1/2''/45mm,10.0,1 pz
920193,"Pinza Regolabile A Scanalatura 1""/30mm",9.0,1 pz
920194,"Pinza Regolabile Rossa 12""/300mm",24.0,1 pz
920195,"Pinza Regolabile Rossa 10""/240mm",12.5,1 pz
920196,"Pinza Regolabile Rossa 7""/175mm",10.0,1 pz
920197,"Pinza Regolabile 12""/300mm c/impugnatura",20.0,1 pz
920198,"Pinza Regolabile 10""/240mm c/impugnatura",15.0,1 pz
920199,"Pinza Regolabile 7""/175mm c/impugnatura",12.0,1 pz
920222,Valigetta Chiavi Esag. a Brugola 3-10mm,65.0,1 pz
920223,Chiavi Esag. T. Sferica Piana 10 mm,12.0,1 pz
920224,Chiavi Esag. T. Sferica Piana 8 mm,10.25,1 pz
920225,Chiavi Esag. T. Sferica Piana 6 mm,9.5,1 pz
920226,Chiavi Esag. T. Sferica Piana 5 mm,9.0,1 pz
920227,Chiavi Esag. T. Sferica Piana 4 mm,8.25,1 pz
920228,Chiavi Esag. T. Sferica Piana 3 mm,8.0,1 pz
920229,"Chiavi Esag. T. Sferica Piana 2,5 mm",8.0,1 pz
920230,Chiavi Esag. T. Sferica Piana 2 mm,7.5,1 pz
920240,"Chiavi Brugola Cromata Mazzo 1,5-6 mm",7.0,1 pz
920249,"Chiavi Brugola Cromata Sferica 2,5-10 mm",6.0,1 pz
920280.06,"Chiave a Rullino Ergonomica 6""",17.0,1 pz
920280.08,"Chiave a Rullino Ergonomica 8"" ",20.0,1 pz
920280.10,"Chiave a Rullino Ergonomica 10""  ",30.0,1 pz
920280.12,"Chiave a Rullino Ergonomica 12""",48.0,1 pz
920292,"Chiave Rullino  Ergonomica 12""",14.75,1 pz
920293,"Chiave Rullino  Ergonomica 10""",14.0,1 pz
920294,"Chiave Rullino  Ergonomica 8""",12.0,1 pz
920298,"Chiave A Rullino  6""",8.0,1 pz
920299,"Chiave A Rullino  4""",8.0,1 pz
920317,Tagliabulloni 900 mm,219.0,1 pz
920318,Tagliabulloni 750 mm,189.0,1 pz
920319,Tagliabulloni 600 mm,89.0,1 pz
920320,Tagliabulloni 450 mm,79.0,1 pz
920330,Forbici universali per cavi elettrici,21.0,1 pz
920338,Pinza per Capicorda e Spelafili,9.9,1 pz
920339,Pinza Spelafili,33.0,1 pz
920340,"Pinza Combinata a Becco 8""/205mm",42.0,1 pz
920341,"Pinza Combinata a Becco 7""/170mm",30.0,1 pz
920342,Tronchese 240mm Heavy Duty,55.0,1 pz
920343,Tronchese 200mm Heavy Duty,50.0,1 pz
920344,Tronchese 180 mm Heavy Duty,45.0,1 pz
920345,Tronchese 180 mm,36.0,1 pz
920346,Tronchese 160 mm,35.0,1 pz
920347,Tronchese 145 mm,40.0,1 pz
920348,"Pinza combinata Classic 8""/205mm",31.0,1 pz
920349,"Pinza combinata Classic 7""/180mm",29.0,1 pz
920350,"Pinza combinata Classic 6 1/2""-165 mm",34.0,1 pz
920370,Kit Chiavi Poligonali 24-27 + 27-30mm,100.0,1 pz
920370.2427,Chiave Poligonale 24-27mm,49.0,1 pz
920370.2730,Chiave Poligonale 27-30mm,49.0,1 pz
920387,Kit Chiave Esagonale + Ganascino,60.0,1 pz
920389,Ganascino Inserto Chiave Esagonale,15.0,1 pz
920392-10,Inserto Chiave Esagonale 10,4.5,1 pz
920392-11,Inserto Chiave Esagonale 11,4.5,1 pz
920392-12,Inserto Chiave Esagonale 12,4.5,1 pz
920392-14,Inserto Chiave Esagonale 14,4.5,1 pz
920392-17,Inserto Chiave Esagonale 17,4.5,1 pz
920392-9,Inserto Chiave Esagonale 9,4.5,1 pz
920392-C,Chiave Esagonale (solo chiave),30.0,1 pz
920392KIT,Kit Inserti 9-10-11-12-14-17,20.0,1 pz
920393,"Adattatore OMP,SILFRA,HANSGROHE",30.0,1 pz
920395,Adattore A Croce Piatto Doccia,45.0,1 pz
920396,Chiave Lavabi Standard 10-32mm,19.75,1 pz
920397,Chiave Lavabi Forgiata 15-32mm,37.0,1 pz
920398,Chiave Universale Pilette MGF,35.0,1 pz
920399,Chiave Lavabi Telescopic 10-32mm,40.0,1 pz
920420.06,Chiave Combinata Fissa 6 mm,2.45,1 pz
920420.07,Chiave Combinata Fissa 7 mm,2.67,1 pz
920420.08,Chiave Combinata Fissa 8 mm,1.54,1 pz
920420.09,Chiave Combinata Fissa 9 mm,1.67,1 pz
920420.10,Chiave Combinata Fissa 10 mm,1.87,1 pz
920420.11,Chiave Combinata Fissa 11 mm,2.1,1 pz
920420.12,Chiave Combinata Fissa 12 mm,2.1,1 pz
920420.13,Chiave Combinata Fissa 13 mm,2.2,1 pz
920420.14,Chiave Combinata Fissa 14 mm,2.4,1 pz
920420.15,Chiave Combinata Fissa 15 mm,2.74,1 pz
920420.16,Chiave Combinata Fissa 16 mm,2.87,1 pz
920420.17,Chiave Combinata Fissa 17 mm,3.17,1 pz
920420.18,Chiave Combinata Fissa 18 mm,3.67,1 pz
920420.19,Chiave Combinata Fissa 19 mm,3.71,1 pz
920420.20,Chiave Combinata Fissa 20 mm,4.34,1 pz
920420.21,Chiave Combinata Fissa 21 mm,4.34,1 pz
920420.22,Chiave Combinata Fissa 22 mm,9.12,1 pz
920420.23,Chiave Combinata Fissa 23 mm,11.36,1 pz
920420.24,Chiave Combinata Fissa 24 mm,5.88,1 pz
920420.25,Chiave Combinata Fissa 25 mm,11.64,1 pz
920420.26,Chiave Combinata Fissa 26 mm,17.18,1 pz
920420.27,Chiave Combinata Fissa 27 mm,7.18,1 pz
920420.28,Chiave Combinata Fissa 28 mm,19.64,1 pz
920420.29,Chiave Combinata Fissa 29 mm,17.54,1 pz
920420.30,Chiave Combinata Fissa 30 mm,9.05,1 pz
920420.32,Chiave Combinata Fissa 32 mm,10.55,1 pz
920420.34,Chiave Combinata Fissa 34 mm,14.93,1 pz
920420.36,Chiave Combinata Fissa 36 mm,18.0,1 pz
920423,Chiave Combinata Cric.Sn. 19 mm,37.0,1 pz
920424,Chiave Combinata Cric.Sn. 18 mm,36.0,1 pz
920425,Chiave Combinata Cric.Sn. 17 mm,34.0,1 pz
920426,Chiave Combinata Cric.Sn. 16 mm,33.0,1 pz
920427,Chiave Combinata Cric.Sn. 15 mm,31.0,1 pz
920428,Chiave Combinata Cric.Sn. 14 mm,32.0,1 pz
920429,Chiave Combinata Cric.Sn. 13 mm,32.0,1 pz
920430,Chiave Combinata Cric.Sn. 12 mm,30.0,1 pz
920431,Chiave Combinata Cric.Sn. 11 mm,28.0,1 pz
920432,Chiave Combinata Cric.Sn. 10 mm,29.0,1 pz
920433,Chiave Combinata Cric.Sn. 9 mm,26.0,1 pz
920434,Chiave Combinata Cric.Sn. 8 mm,26.0,1 pz
920435,Chiave Combinata Cric. 19 mm,42.0,1 pz
920436,Chiave Combinata Cric. 18 mm,38.0,1 pz
920437,Chiave Combinata Cric. 17 mm,37.0,1 pz
920438,Chiave Combinata Cric. 16 mm,34.0,1 pz
920439,Chiave Combinata Cric. 15 mm,31.0,1 pz
920440,Chiave Combinata Cric. 14 mm,30.0,1 pz
920441,Chiave Combinata Cric. 13 mm,23.0,1 pz
920442,Chiave Combinata Cric. 12 mm,26.0,1 pz
920443,Chiave Combinata Cric. 11 mm,23.0,1 pz
920444,Chiave Combinata Cric. 10 mm,30.0,1 pz
920445,Chiave Combinata Cric. 9 mm,21.0,1 pz
920446,Chiave Combinata Cric. 8 mm,20.0,1 pz
920447,Valigetta Chiavi C.Snod. 8-19 (12chiavi),225.0,1 pz
920450,Valigetta Chiavi Comb. Cric. 8-19 (8pz),198.0,1 pz
920491,"Giratubi Americano 90° L.Leggera 3""/90mm",65.0,1 pz
920492,"Giratubi Americano 90° L.Leggera 2 1/2""/76mm",50.0,1 pz
920493,"Giratubi Americano 90° L.Leggera 2""/60mm",40.0,1 pz
920494,"Giratubi Americano L.Leggera 6""/166mm",250.0,1 pz
920495,"Giratubi Americano L.Leggera 4""/140mm",150.0,1 pz
920496,"Giratubi Americano L.Leggera 3""/90mm",85.0,1 pz
920497,"Giratubi Americano L.Leggera 2 1/2""/76mm",65.0,1 pz
920498,"Giratubi Americano L.Leggera 2""/60mm",45.0,1 pz
920499,"Giratubi Americano L.Leggera 1 1/2""/49mm",40.0,1 pz
920593,"Giratubi Svedese 45° Piatto 2""/65mm",65.0,1 pz
920594,"Giratubi Svedese 45° Piatto 1 1/2""/46mm",47.0,1 pz
920595,"Giratubi Svedese 45° Piatto 1""/35mm",27.0,1 pz
920596,"Giratubi Svedese 45° Incavo  2""/65mm",69.0,1 pz
920597,"Giratubi Svedese 45° Incavo 1 1/2""/46mm",40.0,1 pz
920598,"Giratubi Svedese 45° Incavo 1""/35mm",30.0,1 pz
920599,"Giratubi Svedese 45° Incavo 1/2""/22mm",25.0,1 pz
920615,Saldamanicotti Scarico Apollo Drain 315,1050.0,1 pz
920680,Giratubi Svedese 90° con ganasce rivestite in plastica,29.0,1 pz
920696,"Giratubi Svedese 90° 3""/80mm",115.0,1 pz
920697,"Giratubi Svedese 90° 2""/65mm",87.0,1 pz
920698,"Giratubi Svedese 90° 1 1/2""/46mm",69.0,1 pz
920699,"Giratubi Svedese 90° 1""/35mm",45.0,1 pz
920795,"Giratubi Svedese 45° S 3""/80mm",149.0,1 pz
920796,"Giratubi Svedese 45° S 2""/65mm",79.0,1 pz
920797,"Giratubi Svedese 45° S 1 1/2""/46mm",50.0,1 pz
920798,"Giratubi Svedese 45° S 1""/35mm",40.0,1 pz
920799,"Giratubi Svedese 45° S 1/2""/22mm",37.0,1 pz
920896,Chiave Esag. A Tubo  55 x 60 mm,10.0,1 pz
920897,Chiave Esag. A Tubo  55 x 55 mm,12.0,1 pz
920898,Chiave  Esag. A Tubo 52 x 55 mm,10.0,1 pz
920995,"Giratubi BLITZ 3""/90mm",36.0,1 pz
920996,"Giratubi BLITZ 2 1/2""/76mm",34.0,1 pz
920997,"Giratubi BLITZ 2""/60mm",32.0,1 pz
920998,"Giratubi BLITZ 1 1/2""/49mm",27.0,1 pz
920999,"Giratubi BLITZ 1""/35mm",22.0,1 pz
921000,Livella Classic  40,16.0,1 pz
921001,Livella Classic  80,16.0,1 pz
921100,Livella Classic  60,14.75,1 pz
921101,Livella Classic  100,19.0,1 pz
921102,Livella Classic 120,20.0,1 pz
921200,Livella Magnetic 40,20.0,1 pz
921201,Livella Magnetic 80,35.0,1 pz
921300,Livella Magnetic 60,30.0,1 pz
921301,Livella Magnetic 100,39.0,1 pz
921400,Livella B-Level 40,37.0,1 pz
921500,Livella B-Level 60,39.0,1 pz
921600,Livella D-Level,65.0,1 pz
921699,Perno D-Level,7.75,1 pz
921850,Tagliatubi FAST AUTO P76,86.0,1 pz
921898,Tagliatubi AUTOMATIC 67 per Acciaio sottile,89.0,1 pz
921899,Tagliatubi rame AUTOMATIC 67,69.0,1 pz
921955,Tagliatubi CSST Corrugati AUTOMATIC 67,82.5,1 pz
921960,Tagliatubi FAST AUTO 127-Ø 50-127 mm plastica,220.0,1 pz
921970,Tagliatubi FAST AUTO 170,275.0,1 pz
921989,Rotella corrugati AUTOMATIC 32,14.0,1 pz
921990,Tagliatubi CSST Corrugati AUTOMATIC 32,55.0,1 pz
921992,Rotella plastica AUTOMATIC 140-168,30.0,1 pz
921998,Tagliatubi plastica AUTOMATIC 168,225.0,1 pz
922049,Tagliatubi FAST MINI A30 (3-30 mm),35.0,1 pz
922053,Tagliatubi FAST MINI A16 (3-16 mm),22.0,1 pz
922057,Tagliatubi FAST MINI A25 (3-25 mm),25.0,1 pz
922089,"Tagliatubi MINI Inox 28mm (1/8"" 1 1/8"")",29.0,1 pz
922091,Tagliatubi rame MINI 28 (3-28 mm),27.0,1 pz
922093,"Tagliatubi inox MINI 16 (1/8""-5/8"")",17.0,1 pz
922096,Rotella Inox 16-22-28-30-32mm,12.0,1 pz
922097,"Tagliatubi inox MINI 22 (1/8""-7/8"")",25.09,1 pz
922098,Rotella rame 16-22-28-30-32mm,3.0,1 pz
922157,Tagliatubi FAST CLASSIC A35,25.0,1 pz
922197,Tagliatubi inox CLASSIC 30 1/8''-1 1/4'',39.0,1 pz
922297,Tagliatubi inox TELESCOPIC 32(3-32 mm e 1/8''-1 1/4''),39.0,1 pz
922360,Tagliatubi FAST A35,66.0,1 pz
922370,Tagliatubi FAST R35,55.0,1 pz
922389,Rotella rame SPECIAL 38-42-45 AUTOMATIC 67,5.0,1 pz
922391,Tagliatubi plastica SPECIAL 45,65.0,1 pz
922392,Tagliatubi inox SPECIAL 45(6-45 mm e 1/4''-1 1/2''),59.0,1 pz
922393,Tagliatubi rame SPECIAL 45(6-45 mm e 1/4''-1 1/2''),65.0,1 pz
922394,Rotella Plastica SPECIAL-AUTOM 42-45-67,7.0,1 pz
922395,Tagliatubi plastica SPECIAL 42,55.0,1 pz
922396,Rotella acciaio sottile SPECIAL 38-42-45 e AUTOMATIC 67,12.0,1 pz
922397,Tagliatubi inox SPECIAL 42,59.0,1 pz
922399,Tagliatubi rame SPECIAL 42,59.0,1 pz
922449,Catena per tagliatubi YC,45.0,1 pz
922450,Tagliatubi a catena YC,75.0,1 pz
922451,Pinza Regolabile Autobloccante a Catena,40.0,1 pz
922494,"Rotella per tagliatubi IRON 4""",24.0,1 pz
922495,"Tagliatubi IRON 4""",175.0,1 pz
922496,"Rotella per tagliatubi IRON e STEEL 2""",15.0,1 pz
922550,"Tagliatubi UNI 1 1/4"" per ferro, acciaio e inox",97.0,1 pz
922560,"Tagliatubi UNI 2"" per ferro, acciaio e inox",115.0,1 pz
922561,"Rotella per tagliatubi UNI 2""",7.0,1 pz
922570,"Tagliatubi UNI 4"" per ferro, acciaio e inox",350.0,1 pz
922594,"Rotella per tagliatubi Inox STEEL 4""",24.0,1 pz
922595,"Tagliatubi inox STEEL 4""",175.0,1 pz
922621,Lama archetto 30 cm HSS Professionale,6.0,1 pz
922623,Lama archetto 30 cm per PVC bitagliente,1.5,1 pz
922624,Blister lame uncinate M18 ( conf. 5pz),5.75,1 pz
922625,Blister lame cutter M18 ( conf. 10pz),1.95,1 pz
922626,Blister lame cutter M25 (conf. 10pz),5.75,1 pz
922628,Cutter M18,5.0,1 pz
922629,Cutter M25 (espositore 12pz),75.0,1 pz
922630,Cutter M25,10.0,1 pz
922648,Archetto mod. 821,15.0,1 pz
922649,Archetto mod. 824,29.0,1 pz
922650,Archetto mod. 826,32.0,1 pz
922650.36,Cesoia SHARK 36,19.0,1 pz
922650.42,Cesoia SHARK 42,26.0,1 pz
922650.75,Cesoia SHARK 75,110.0,1 pz
922692,Lama Cesoia CLASSIC 35,10.0,1 pz
922693,Cesoia CLASSIC 35,27.13,1 pz
922695,Cesoia CLASSIC 32,9.75,1 pz
922696,Lama Cesoia CLASSIC 63,37.0,1 pz
922697,Cesoia CLASSIC 63,140.76,1 pz
922698,Lama Cesoia CLASSIC 42,15.0,1 pz
922780,Cesoia MULTI 26,68.0,1 pz
922794,Lama Cesoia UNIQUE 63,68.5,1 pz
922798,Lama Cesoia UNIQUE 42,44.0,1 pz
922842,Forbice per Lamiera a Contornare (Dx),27.25,1 pz
922843,Forbice per Lamiera dritta,43.0,1 pz
922844,Forbice per Lamiera a Contornare (Sx),27.95,1 pz
922845,Cesoia KNABBER per Lamiera,95.0,1 pz
922845L,Lama per Cesoia KNABBER,39.0,1 pz
922846,Cesoia per Lamiera a Contornare (Sx),45.0,1 pz
922847,Cesoia per Lamiera a Contornare (Dx),45.0,1 pz
922848,"Cesoia ""IDEALE"" per Lamiera",45.0,1 pz
922849,Cesoia per Lamiera Universale (Sx),50.0,1 pz
922850,Cesoia per Lamiera Universale (Dx),50.0,1 pz
922896,Lama Cesoia AUTOMATIC 42,30.0,1 pz
922897,Cesoia AUTOMATIC 42,70.0,1 pz
922898,Lama Cesoia AUTOMATIC 35,19.0,1 pz
922899,Cesoia AUTOMATIC 35,60.0,1 pz
922950,Twist and Cut 110 - Tagliatubi e smussatore,350.0,1 pz
922978,Kit 3 lame + vite per Raschiatori,210.0,1 pz
922979,Raschiatubi Meccanico Assiale 20-63mm,1375.0,1 pz
922980,Raschiatubi Meccanico Assiale 75-180mm,995.0,1 pz
922981,Raschiatubi Meccanico Assiale 180-400mm,2025.0,1 pz
922983,Smussatore Tubi Plastica Ø25-168 mm,145.0,1 pz
922990,Sbavatore universale 10-54mm|5/16''-2 1/8'',89.0,1 pz
922991,Sbavatore universale 8-35mm 1/4''-1 3/8'',70.0,1 pz
922992,Sbavatore a mano per interni,17.0,1 pz
922993,Sbavatore universale 10-54mm|5/16''-2 1/8'',59.0,1 pz
922994,Sbavatore universale 8-38mm|1/4''-1 3/8'',55.0,1 pz
922996,Lama di ricambio per stilo,3.75,1 pz
922997,Sbavatore a stilo con portalama,17.0,1 pz
922998,Sbavatore a stilo,15.0,1 pz
922999,Sbavatore interni/esterni 40 mm,20.5,1 pz
923060,EXPANKIT/M - Kit espansore tubi rame 10-12-14-16-18-22 mm,300.0,1 pz
923070,"EXPANKIT/P - Kit espansore tubi rame 3/8""-1/2""-5/8""-3/4""-7/8""-1""-1""",300.0,1 pz
923082,Espansore idraulico (s/accessori) c/box,225.0,1 pz
923083,Espansore idraulico (senza accessori),200.0,1 pz
923085,"Espansore Idraulico da 3/8"" a 1 1/8"" ",450.0,1 pz
923190,Cesoia Nemo 26,40.0,1 pz
923191,Lama Nemo 26,15.0,1 pz
923192,Cesoia Nemo 35,49.0,1 pz
923193,Lama Nemo 35,27.0,1 pz
923194,Cesoia Nemo 42,70.0,1 pz
923195,Lama Nemo 42,30.0,1 pz
923196,Cesoia Nemo 63,105.0,1 pz
923197,Lama Nemo 63,59.0,1 pz
923198,Perno Lama Nemo (tutti i modelli),5.0,1 pz
923199,Lama MULTI 26 per multistrato,19.0,1 pz
923200,Kit 4 Lame MULTI 26 per corrugati,17.5,1 pz
923299,"FLAREKIT 1/8""-3/4""",89.0,1 pz
923399,"Ut. Colletti IMPERIAL 3/16""-5/8""",35.0,1 pz
923497,"Ut. Colletti  525 F 3/16""-5/8""",42.0,1 pz
923693,"Cartellatrice a Cricco e Frizione FT900 1/4""-3/4""",145.0,1 pz
923695,"Cartellatrice a Frizione FT600 1/4""-3/4""",115.0,1 pz
924000,"Rettificatrice MILL KIT 12,14,17,24,28mm",62.5,1 pz
925084,"Giratubi Americ. 90° Heavy D.2 1/2""/76mm",50.0,1 pz
925085,"Giratubi Americ. 90° Heavy D. 2""/60mm",45.0,1 pz
925086,"Giratubi Americ. 35° Heavy D. 3""/90mm",75.0,1 pz
925087,"Giratubi Americ. 35° Heavy D.2 1/2""/76mm",35.0,1 pz
925089,"Giratubi Americ. 35° H.D. 2""/60mm L300mm",25.0,1 pz
925091,"Giratubi Americ. 35° Heavy D. 1""/35mm",15.0,1 pz
925092,"Giratubi Americ. Heavy D. 6""/166mm",250.0,1 pz
925094,"Giratubi Americ. Heavy D. 3""/90mm",90.0,1 pz
925095,"Giratubi Americ. Heavy D. 2 1/2""/76mm",50.0,1 pz
925096,"Giratubi Americ. Heavy D. 2""/60mm L355mm",65.0,1 pz
925097,"Giratubi Americ. Heavy D. 2""/60mm L300mm",40.0,1 pz
925098,"Giratubi Americ. Heavy D. 1 1/2""/49mm",25.0,1 pz
925099,"Giratubi Americ. Heavy D. 1""/35mm",20.0,1 pz
925191,"Giratubi A Nastro 6""",39.0,1 pz
925192,"Giratubi A Nastro 4""",30.0,1 pz
925195,"Giratubi A Catena H.D. 10""/270mm",300.0,1 pz
925196,"Giratubi A Catena H.D. 8""/220mm",275.0,1 pz
925199,"Giratubi Catena 4""/115mm Reversibile",90.0,1 pz
926000,Polifusore da Banco POLIFEMO 125,4200.0,1 pz
926001U,Coppia Tubi Idraulici,579.47,1 pz
926002C,Termopiastra Ø 250 mm,690.0,1 pz
926002CTR,Termopiastra Termoregolabile Ø 250 mm ,690.0,1 pz
926002D,Termopiastra Ø 180 mm,349.0,1 pz
926002FTR,Termopiastra inclinata 30° Ø 120mm con termostato regolabile ,320.0,1 pz
926002G,Termopiastra Ø 120 mm,320.0,1 pz
926003.007,Matrice per Polifemo ripara fori 7 mm,32.5,1 pz
926003.009,Matrice per Polifemo ripara fori 9 mm,35.75,1 pz
926003.011,Matrice per Polifemo ripara fori 11 mm,39.0,1 pz
926045,Saldatrice Testa a Testa HERCULES 250,6900.0,1 pz
926055,Saldatrice Testa a Testa HERCULES 160,5900.0,1 pz
926065,Saldatrice Testa a Testa HERCULES 315,8400.0,1 pz
926075,Allineatore Ciclope 20-63mm PE/PPR/PPH/PVDF,850.0,1 pz
926076,Allineatore Ciclope 50-110mm PE/PPR/PPH/PVDF,1175.0,1 pz
926077,Polifusore POLIFEMO 110 DIGITAL,370.0,1 pz
926078,Polifusore POLIFEMO 63 DIGITAL,285.0,1 pz
926079,Polifusore POLIFEMO 40 DIGITAL,189.0,1 pz
926083,Polifusore POLIFEMO 32,125.0,1 pz
926087,Polifusore POLIFEMO 110,345.0,1 pz
926088,Polifusore POLIFEMO 63,260.0,1 pz
926089,Polifusore POLIFEMO 40,165.0,1 pz
926200,Saldamanicotti - Saldatrice elettrofusione APOLLO 160,1800.0,1 pz
930104,Chill Kit Digital 85/100,1250.0,1 pz
930105,Chill Kit STD 85/005,875.0,1 pz
930430,Pompa Vuoto Bistadio 56L/min (c/EV e Vacuometro),255.0,1 pz
930431,Pompa Vuoto Bistadio 85L/min (c/EV e Vacuometro),333.0,1 pz
930432,Pompa Vuoto Bistadio 113L/min (c/EV e Vacuometro),425.0,1 pz
930433,Pompa Vuoto Bistadio 170L/min (c/EV e Vacuometro),500.0,1 pz
930434,Pompa Vuoto Bistadio 226L/min (c/EV e Vacuometro),580.0,1 pz
930435,Pompa Vuoto Bistadio 340L/min (c/EV e Vacuometro),775.0,1 pz
930449,Pompa Alto Vuoto Bistadio 540L/min 3millitorr,3800.0,1 pz
930460,Pompa Vuoto Bistadio Brushless a batteria 60L/min c/valigia,375.0,1 pz
930460B,Pompa Vuoto Bistadio Brushless a batteria 60L/min c/valigia e ,595.0,1 pz
930460N,Pompa Vuoto Bistadio Brushless a batteria 60L/min,300.0,1 pz
930460V,Valigia metallica per pompa per vuoto brushless a batteria,80.0,1 pz
930470,Pompa Vuoto Bistadio ATEX A3 283L/min,2400.0,1 pz
930487,Pompa Vuoto Bistadio 283L/min (c/EV e Vacuometro),375.0,1 pz
930500,MGF Kit F-GAS,2950.0,1 pz
930780,Kit Gruppo Manometrico Digitale,475.0,1 pz
930781,Kit Gruppo Manometrico Digitale con Rapporto Taratura,495.0,1 pz
930785,"Kit Gruppo Manometrico 4 Vie R600, R290, R32, R410A + Taratura",195.0,1 pz
930792,"Gruppo Manometrico 4 Vie R600, R290, R32, R410A",109.0,1 pz
930793,"Gruppo Manometrico 4 Vie R22, R134a, R410A, R407C",109.0,1 pz
930794,"Kit Gruppo Man.R22, R134a, R410A, R407C 4 Vie",199.0,1 pz
930795,"Kit Gruppo Manometrico 4 Vie R600, R290, R32, R410A",199.0,1 pz
930998,"Supporto Bombole 5/16""",79.0,1 pz
930999,"Supporto Bombole 1/4""",79.0,1 pz
931000,Recuperatore Digitale Brushless Motor 1HP,1450.0,1 pz
931080,Filtro Disidratatore per Refrigeranti,15.0,1 pz
931097,Unità Recupero Refrigeranti c/distillatore 3/4HP,1300.0,1 pz
931099,Unità Recupero Refrigeranti c/distillatore 1HP,1575.0,1 pz
932001,Bilancia Elettronica MAXI 100 Kg / 5 g,275.0,1 pz
932002,Bilancia MAXI 100Kg + Taratura OMAGGIO,300.0,1 pz
932003,Bilancia Elettronica SMART 100 Kg / 5 g,375.0,1 pz
932004,Bilancia Elettronica SMART 100 Kg / 5 g + Taratura OMAGGIO,400.0,1 pz
932095,Bilancia MINI  5 Kg / 1 g,52.82,1 pz
932095C,Bilancia MINI  5 Kg / 1g c/certificato,104.3,1 pz
932100,Cintura Riscaldante,180.0,1 pz
932195,Bilancia MINI 10Kg / 1 g,50.0,1 pz
932195C,Bilancia MINI  10 Kg / 1g c/certificato,95.0,1 pz
932292,Cercafughe Smart Gas,265.0,1 pz
932299,Cercafughe FGAS,195.0,1 pz
932351,Termocamera Digitale CAM-220 ,890.0,1 pz
932353,Termocamera Digitale Wi-Fi CAM-320 ,1650.0,1 pz
932354,Termocamera Smartphone CAM-110,525.0,1 pz
932355,Termocamera Digitale Wi-Fi CAM-384 ,2800.0,1 pz
932369,MU600 Multimetro con pinza amp. 1000A + Taratura,215.0,1 pz
932375,MU750 Multimetro Digitale Tascabile,49.0,1 pz
932379,MU600 Multimetro con pinza amperometrica 1000A a vero valore ,145.0,1 pz
932383,Termometro Differenziale Bi-sonda + Taratura,175.0,1 pz
932385,Termometro Infrarossi c/ Puntatore Laser,90.0,1 pz
932387,Sonda temperatura K a pinza per tubi,39.0,1 pz
932388,Termoigrometro,175.0,1 pz
932390,Termometro Digitale A Stilo,20.0,1 pz
932392,Sonda temperatura tipo K per aria/gas,155.0,1 pz
932393,Termometro Differenziale Bi-sonda,190.0,1 pz
932394,Termometro 2 In 1 Infrarossi + sonda,90.0,1 pz
932396,MU1000 Multimetro Digitale,95.0,1 pz
932397,MU500 Multimetro con pinza amperometrica,99.0,1 pz
932398,Termometro Digitale,29.0,1 pz
932425,WS1000 - Scanner Professionale da Parete,149.0,1 pz
932460,DV1000 - Vacuometro digitale,345.0,1 pz
932470,DM1000 - Manometro differenziale digitale,125.0,1 pz
932488,WH40 - Igrometro per legno,89.0,1 pz
932499,"Curvatubi 3/8""-1/2""-5/8""-3/4""-7/8""+P373",341.92,1 pz
932500,Set Chiavi Dinamometriche 17-29mm,98.0,1 pz
932501,Corpo chiave dinamometrica,35.0,1 pz
932502,Chiave dinamometrica ins. 17mm,6.01,1 pz
932503,Chiave dinamometrica ins. 22mm,6.68,1 pz
932504,Chiave dinamometrica ins. 24mm,6.68,1 pz
932505,Chiave dinamometrica ins. 26mm,6.68,1 pz
932506,Chiave dinamometrica ins. 27mm,6.68,1 pz
932507,Chiave dinamometrica ins. 29mm,6.68,1 pz
932508,Valigetta Chiave Dinamometrica,12.0,1 pz
932550,Chiave dinamometrica Next Generation,158.0,1 pz
932599,Chiave a cricco aste quadre,12.0,1 pz
933000,"Bombola ricaricabile da 12.5L vuota con doppia valvola, per ",155.0,1 pz
933090,Azoto In Cartuccia Da 1L,35.0,1 pz
933090.002,Azoto In Cartuccia 2L,70.0,1 pz
934072,Rubinetto 1/2'' Acme Sx F -  5/16'' M,26.66,1 pz
934073,"Adattatore 5/16"" M Sinistro",18.47,1 pz
934074,Rubinetto 1/2'' Acme Sx F -  1/4'' M,26.66,1 pz
934075,"Raccordo a 3 pezzi 5/16""M-3/8""F",23.03,1 pz
934076,"Raccordo a 3 Pezzi 1/4"" F-3/8"" M",20.15,1 pz
934077,"Raccordo a 3 pezzi 1/4""M-3/8""F",23.03,1 pz
934078,"Rub.c/Depr. 1/4"" F- 5/16"" M (G)",17.5,1 pz
934079,"Rub.c/Depr. 5/16"" M- 5/16"" F (R)",17.5,1 pz
934080,"Rub.c/Depr. 5/16"" M- 5/16"" F (B)",17.5,1 pz
934082,"Rub.c/Depr. 1/4"" F- 5/16"" M (R)",17.5,1 pz
934083,"Rub.c/Depr. 5/16"" M- 5/16"" F (G)",17.5,1 pz
934084,"Racc.c/ Depr. 1/4"" M-1/4"" F",17.5,1 pz
934085,"Rub.c/Depr.1/4"" M-1/4"" F (G)",17.5,1 pz
934086,"Rub.c/Depr.1/4"" M-1/4"" F (R)",17.5,1 pz
934088,"Rub.Depr.1/4"" F-5/16"" M (B)",17.5,1 pz
934089,"Raccordo c/depressore 5/16""M-1/4""F SAE",12.5,1 pz
934090,"Rub.c/Depr.1/4"" M-1/4"" F (B)",17.5,1 pz
934091,"Racc. s/Depr.1/2"" Gas M-1/4"" M SAE",12.0,1 pz
934092,"Racc. s/Depr. 1/2"" Gas F-1/4"" M SAE",12.0,1 pz
934093,"Racc. c/Depr. 5/16"" M-5/16"" F",12.5,1 pz
934094,"Racc.c/Depr. 1/2"" ACME M - 1/4"" FPer Bombole Gas MGF",8.0,1 pz
934095,"Racc.c/Depr. 1/4"" M-1/2"" ACME FPer Supporto Bombole MGF",7.0,1 pz
934096,"Raccordo c/depressore 1/4""M - 5/16""F SAE",12.5,1 pz
934097,"Rub.c/Depr.1/4""M-5/16""F (G)",18.15,1 pz
934098,"Rub.c/Depr.1/4"" M-5/16"" F (R)",18.15,1 pz
934099,"Rub.c/Depr.1/4"" M-5/16"" F (B)",18.15,1 pz
934110,"Guarnizione Conica Rame 1/4""",0.15,1 pz
934111,"Guarnizione Conica Rame 3/8""",0.2,1 pz
934112,"Guarnizione Conica Rame 1/2""",0.2,1 pz
934113,"Guarnizione Conica Rame 5/8""",0.2,1 pz
934114,"Guarnizione Conica Rame 3/4""",0.55,1 pz
934115,"Guarnizione Conica Rame 5/16""",0.2,1 pz
934116,"Cappuccio in Rame 1/4""",0.2,1 pz
934118,"Cappuccio in Rame 3/8""",0.55,1 pz
934119,"Cappuccio in Rame 1/2""",0.27,1 pz
934120,"Cappuccio in Rame 5/8""",0.27,1 pz
934121,"Cappuccio in Rame 3/4""",0.55,1 pz
934122,"Manicotto Girevole SAE Flare 1/4""",3.0,1 pz
934124,"Manicotto Girevole SAE Flare 3/8""",4.5,1 pz
934125,"Manicotto Girevole SAE Flare 1/2""",5.5,1 pz
934126,"Manicotto Girevole SAE Flare 5/8""",7.0,1 pz
934134,"Bocchettone Ridotto 3/4"" x 5/8""",5.0,1 pz
934135,"Bocchettone Ridotto 5/8"" x 1/2""",2.5,1 pz
934136,"Bocchettone Ridotto 1/2"" x 3/8""",2.5,1 pz
934138,"Bocchettone Ridotto 3/8"" x 1/4""",1.5,1 pz
934141,"Raccordo ad Inversione SAE Flare 1/4""",5.0,1 pz
934142,"Raccordo ad Inversione SAE Flare 3/8""",7.0,1 pz
934143,"Raccordo ad Inversione SAE Flare 1/2""",9.0,1 pz
934144,"Raccordo ad Inversione SAE Flare 5/8""",11.0,1 pz
934145,"Gomito F 90 ° 1/4""",4.0,1 pz
934146,"Gomito F 90 ° 3/8""",5.0,1 pz
934147,"Gomito F 90 ° 1/2""",6.5,1 pz
934150,"Raccordo c/guarn. e girello 3/8"" FF SAE",23.0,1 pz
934151,"Raccordo Gomito SAE 1/4""-1/4""",1.75,1 pz
934152,"Raccordo Gomito SAE 3/8""-3/8""",4.75,1 pz
934153,"Raccordo Gomito SAE 1/2""-1/2""",5.25,1 pz
934154,"Raccordo TEE SAE 1/4""-1/4""-1/4""",4.0,1 pz
934155,"Raccordo TEE SAE 1/4""-3/8""-1/4""",5.5,1 pz
934156,"Raccordo TEE SAE 3/8""-3/8""-3/8""",5.0,1 pz
934157,"Giunto MM 1/2"" -  5/8""",3.5,1 pz
934158,"Giunto MM 5/8"" -  3/4""",5.75,1 pz
934159,"Raccordo Gomito SAE 5/8""",7.75,1 pz
934160,"Raccordo Gomito SAE 3/4""",11.5,1 pz
934162,"Bocchettone Cieco 5/16""",1.25,1 pz
934163,"Bocchettone Cieco 5/8""",2.75,1 pz
934164,"Bocchettone Cieco 1/2""",2.25,1 pz
934165,"Bocchettone Cieco 3/8""",1.75,1 pz
934166,"Bocchettone Cieco 1/4""",1.2,1 pz
934167,"Giunto Ridotto 3/4"" M-5/8"" F",6.0,1 pz
934168,"Giunto Ridotto 5/8"" M-3/4"" F",9.0,1 pz
934169,"Giunto Ridotto 5/8"" M-1/2"" F",4.75,1 pz
934170,"Giunto Ridotto 1/2"" M-5/8"" F",4.25,1 pz
934171,"Giunto Ridotto 1/2"" M-3/8"" F",2.75,1 pz
934172,"Giunto Ridotto 1/2"" M-1/4"" F",2.75,1 pz
934173,"Giunto Ridotto 3/8"" M-1/2"" F",4.25,1 pz
934174,"Giunto Ridotto 3/8"" M-1/4"" F",2.5,1 pz
934175,"Giunto Ridotto 1/4"" M SAE-1/2"" F SAE",4.25,1 pz
934176,"Giunto Ridotto 1/4"" M-3/8"" F",4.25,1 pz
934177,"Giunto Ridotto 1/2"" M-3/4"" M",5.25,1 pz
934178,"Giunto Ridotto 3/8"" M-1/2"" M",3.5,1 pz
934179,"Giunto Ridotto 1/4"" M-1/2"" M",2.75,1 pz
934180,"Giunto Ridotto 1/4"" M-3/8"" M",1.9,1 pz
934186,"Giunto 3/4"" M-3/4"" M",6.95,1 pz
934187,"Giunto 5/8"" M-5/8"" M",3.75,1 pz
934188,"Giunto 1/2"" M-1/2"" M",2.75,1 pz
934189,"Giunto 3/8"" M-3/8"" M",1.75,1 pz
934190,"Giunto 1/4"" M-1/4"" M",1.5,1 pz
934194,"Bocchettone 7/8""",6.0,1 pz
934195,"Bocchettone 3/4""",4.0,1 pz
934196,"Bocchettone 5/8""",1.75,1 pz
934197,"Bocchettone 1/2""",2.0,1 pz
934198,"Bocchettone 3/8""",1.5,1 pz
934199,"Bocchettone 1/4""",0.9,1 pz
934201,Manicotto FF 3/8,0.75,1 pz
934202,Manicotto FF 7/8,1.5,1 pz
934203,Manicotto FF 1 1/8'',2.25,1 pz
934204,Manicotto FF 45° 1/2'',0.9,1 pz
934205,Manicotto FF 45° 5/8'',2.75,1 pz
934206,Manicotto FF 45° 7/8'',2.25,1 pz
934207,Manicotto FF 45° 1 3/8'',5.75,1 pz
934208,Manicotto FF 90° 3/8'',1.0,1 pz
934209,Manicotto FF 90° 1/2'',1.0,1 pz
934210,Manicotto FF 90° 5/8'',5.0,1 pz
934211,Manicotto FF 90° 7/8'',2.5,1 pz
934212,Manicotto FF 90° 1 1/8'',3.75,1 pz
934213,Manicotto FF 90° 1 3/8'',5.75,1 pz
934214,Manicotto FF TEE 1/4'',0.75,1 pz
934215,Manicotto FF TEE 3/8'',0.95,1 pz
934216,Manicotto FF TEE 1/2'',1.5,1 pz
934217,Manicotto FF TEE 5/8'',4.0,1 pz
934218,Manicotto FF TEE 7/8'',4.5,1 pz
934219,Manicotto FF TEE 1 1/8'',7.0,1 pz
934220,Manicotto FF TEE 1 3/8'',10.5,1 pz
934221,Manicotto FF 1/4'',0.5,1 pz
934222,Manicotto FF 1/2'',0.75,1 pz
934223,Manicotto FF 1 3/8'',4.0,1 pz
934224,Manicotto FF 45° 1/4'',0.4,1 pz
934225,Manicotto FF 45° 3/8'',0.6,1 pz
934226,Manicotto FF 45° 1 1/8'',3.9,1 pz
934227,Manicotto FF 90° 1/4'',0.6,1 pz
934228,Manicotto FF 5/8'',1.9,1 pz
934586,Kit Azoto 2.0 In Valigetta s/ bombole,280.0,1 pz
934588,Kit Azoto 2.0 1L In Valigetta,325.0,1 pz
934590,Kit Lavaggio con Azoto,150.0,1 pz
934595,Premontato Tubo Kit Azoto c/manometro,160.0,1 pz
934793,"Valvola di accesso SAFE PUSH 5/16""F-5/16""M",20.0,1 pz
934794,"Valvola di accesso SAFE PUSH 5/16""F-1/4""M",20.0,1 pz
934795,"Valvola di accesso SAFE PUSH 1/4""F-1/4""M",20.0,1 pz
934796,Pettine per Alette Scambiatori 8-15denti,14.0,1 pz
934797,"Kit Universale Estrattore 1/4""-5/16"" SAE",36.0,1 pz
934798,"Estrattore Per Valvole 1/4""SAE",19.0,1 pz
934799,Giravite Universale a doppia testa,6.5,1 pz
938000,Saldatore Ergonomico Piezo (s/bombola),40.0,1 pz
938002,Cercoflam KIT,75.0,1 pz
938004,"Impugnatura, diffusore e forcella",33.0,1 pz
938008,"Convertitore Attacco Americano -> 7/16""",16.75,1 pz
938009,Cannello Saldatore per Butano/Propano,18.0,1 pz
938010,Saldatore profession. a cartuccia Piezo,42.0,1 pz
938011,Saldatore profess. a cartuccia s/Piezo,30.0,1 pz
938012,Lancia Forcella Cercoflam  Ø 20 mm,12.0,1 pz
938015,"Saldatore Professionale TOPLINE 7/16""",190.0,1 pz
938017,"Kit Saldatura TOPLINE 7/16""",285.0,1 pz
938022,Parafiamma 200x250mm,25.0,1 pz
938032,Rame 93%/Fosforo 7%  1 Kg,62.5,1 pz
938033,Rame 92%/Fosforo8% 1Kg(alta percent.),65.0,1 pz
938034,"Rame/Fosforo/Argento 2% 0,5 Kg",38.0,1 pz
938035,"Rame 91,70%/Fosforo 6,3%/Argento 2% 1 Kg",130.0,1 pz
938037,Rame89%/Fosforo6%/Argento 5%  1Kg,240.0,1 pz
938038,Lega Rame/Argento 5% Rivestito (8pcs),59.0,1 pz
938041,"Rame93,6%/Fosforo6%/Argento 0.4% 1 Kg",75.0,1 pz
938043,Decapante Per Saldatura 250g,15.0,1 pz
938058,Bruciatore Ø 15,25.0,1 pz
938060,Bruciatore Ø 20,25.0,1 pz
938062,Bombola Butano 65%+Propano 35% Antirib.,12.0,1 pz
938064,Bombola OSSIGENO 100bar fil.M10x1 930ml,55.0,1 pz
938065,"Cartuccia Butano 70% Propano 30% -7/16""",9.5,1 pz
938066,Cartuccia Butano a forare 190 gr.,3.9,1 pz
938068,"Bombola POWERGAS a perdere 7/16""",10.0,1 pz
938072,Cercoflam Ø40,20.0,1 pz
938076,Bruciatore Cercoflam 20mm PRO,18.0,1 pz
938077,"Tubo Per Cercoflam 1,5 m",12.0,1 pz
938078,Tubo Per Cercoflam 5 m,25.0,1 pz
938079,Tubo Per Cercoflam 9 m,35.0,1 pz
938082,"Bombola MAP a perdere att.7/16""385gr. K",25.0,1 pz
938084,BigBubble - Liquido Cercafughe Spray 500 ml (12 bombolette),118.82,1 cf
938085,Saldatore Professionale F16,49.0,1 pz
938087-4,"Punta tipo 4  Diam. 1,20 mm Kit Ossigeno",6.0,1 pz
938099,END-3.0 Endoscopio 3m con Sonda,199.0,1 pz
938164,Bombola OSSIGENO 110bar Fil. 15x1 950ml,45.0,1 pz
938165,Bombola OSSIGENO 110bar Fil. 12x1 930ml,38.0,1 pz
938181,Torcia Max Turbo (Pro gas-Propano),96.0,1 pz
938182,KIT Oxygen+Map+Torch,205.0,1 pz
938192,Videoispezione Ulisse Pocket 360,410.0,1 pz
938193,Videoispezione Ulisse Pocket DRAIN,410.0,1 pz
938194,Videoispezione Ulisse Pocket PRO,600.0,1 pz
938195.002,Sonda 10m 80xØ8mm 360° Ulisse Pocket,250.0,1 pz
938195.003,Sonda 10m 40xØ8mm SCARICHI Ulisse Pocket,135.0,1 pz
938195.005,Sonda 10m 40xØ5mm SCARICHI Ulisse Pocket,115.0,1 pz
939890,Pompa Disincrostante MAXI 1.2,525.0,1 pz
939950,Liquido di lavaggio FANGHI e MORCHIE 5L,50.0,1 pz
939950.1,Liquido di lavaggio FANGHI e MORCHIE 1L,15.0,1 pz
939951,Liquido Termovettore ANTIGELO 10L,69.0,1 pz
939954,Liquido Filmante Anticorrosione 5L,79.0,1 pz
939954.1,Liquido Filmante Anticorrosione 1L,20.0,1 pz
939955,Liquido di Lavaggio ALGHE e BATTERI 5L,45.0,1 pz
939955.1,Liquido di Lavaggio ALGHE e BATTERI 1L,15.0,1 pz
939957,Liquido Termovettore Antigelo Kg 220,625.0,1 pz
939958,Acido Disincrostante 30% - 10L,25.0,1 pz
939959,Acido Disincr.Non Fumigante 30% -10L,29.0,1 pz
939996,Acido Disincrostante Forte 10L,42.0,1 pz
970053,Kit Detersivo CLEANMATIC,19.0,1 pz
970061,Tubo disostruente flessibile 10 m,145.0,1 pz
970134,Avvolgitubo per idropulitrice,350.0,1 pz
970500,Lancia CLEANMATIC 400 mm,90.0,1 pz
970501,Pistola CLEANMATIC con tubo collegamento,150.0,1 pz
970506,Prolunga Lancia CLEANMATIC 300 mm,40.0,1 pz
970512,"Lancia c/impugnatura 1/4""MF 700 mm",50.0,1 pz
970554,"Ugello pulizia tubazioni 3/8""M",150.0,1 pz
970582,"Ugello pulizia tubazioni 1/8""F",45.0,1 pz
